id_cliente,cliente,estado,cidade,data_cadastro
1,Igor Souza 1,RJ,Rio de Janeiro,2023-02-21
2,Daniela Santos 2,PR,Curitiba,2023-10-13
3,Ana Santos 3,SC,Florianopolis,2023-03-07
4,Ana Souza 4,PR,Curitiba,2024-04-21
5,Thiago Costa 5,SC,Florianopolis,2024-03-27
6,Renata Pereira 6,SP,Sao Paulo,2023-11-23
7,Gabriel Pereira 7,RS,Porto Alegre,2023-11-15
8,Rafael Santos 8,RJ,Rio de Janeiro,2023-07-09
9,Igor Silva 9,BA,Salvador,2024-12-05
10,Daniela Rodrigues 10,PE,Recife,2026-01-03
11,Mariana Souza 11,RJ,Rio de Janeiro,2024-08-23
12,Helena Costa 12,RJ,Rio de Janeiro,2023-04-04
13,Daniela Rodrigues 13,RJ,Rio de Janeiro,2024-04-21
14,Mariana Oliveira 14,RS,Porto Alegre,2025-07-17
15,Gabriel Costa 15,BA,Salvador,2024-12-28
16,Helena Oliveira 16,RJ,Rio de Janeiro,2023-12-17
17,Igor Souza 17,PE,Recife,2025-02-16
18,Helena Silva 18,BA,Salvador,2023-04-25
19,Igor Santos 19,BA,Salvador,2025-04-01
20,Gabriel Almeida 20,PR,Curitiba,2024-10-06
21,Eduardo Costa 21,SC,Florianopolis,2025-07-28
22,Igor Rodrigues 22,MG,Belo Horizonte,2024-05-20
23,Helena Oliveira 23,SC,Florianopolis,2025-01-11
24,Bruno Santos 24,PE,Recife,2023-07-06
25,Renata Santos 25,MG,Belo Horizonte,2023-11-24
26,Thiago Costa 26,SC,Florianopolis,2025-02-20
27,Igor Pereira 27,SP,Sao Paulo,2023-08-23
28,Renata Oliveira 28,RJ,Rio de Janeiro,2024-08-24
29,Igor Oliveira 29,PE,Recife,2023-01-07
30,Gabriel Oliveira 30,RJ,Rio de Janeiro,2024-09-03
31,Ana Pereira 31,BA,Salvador,2023-11-27
32,Daniela Pereira 32,PE,Recife,2023-02-09
33,Bruno Souza 33,RS,Porto Alegre,2024-05-05
34,Vanessa Santos 34,RJ,Rio de Janeiro,2023-06-25
35,Vanessa Oliveira 35,MG,Belo Horizonte,2023-09-20
36,Renata Souza 36,RS,Porto Alegre,2025-12-16
37,Rafael Pereira 37,PR,Curitiba,2024-09-30
38,Thiago Santos 38,PE,Recife,2025-11-25
39,Carlos Pereira 39,PR,Curitiba,2024-04-05
40,Helena Silva 40,SP,Sao Paulo,2024-04-16
41,Helena Santos 41,RJ,Rio de Janeiro,2023-05-01
42,Carlos Souza 42,SP,Sao Paulo,2024-11-07
43,Gabriel Oliveira 43,RS,Porto Alegre,2025-09-21
44,Vanessa Rodrigues 44,PE,Recife,2024-05-12
45,Daniela Rodrigues 45,PR,Curitiba,2023-07-13
46,Renata Almeida 46,BA,Salvador,2025-05-17
47,Bruno Rodrigues 47,SP,Sao Paulo,2023-07-21
48,Helena Souza 48,BA,Salvador,2023-08-12
49,Thiago Oliveira 49,PR,Curitiba,2026-01-03
50,Igor Almeida 50,SC,Florianopolis,2024-01-11
51,Thiago Santos 51,PR,Curitiba,2023-06-04
52,Carlos Souza 52,SP,Sao Paulo,2023-01-31
53,Vanessa Almeida 53,MG,Belo Horizonte,2025-04-12
54,Bruno Oliveira 54,PR,Curitiba,2025-04-01
55,Rafael Costa 55,SC,Florianopolis,2023-01-05
56,Renata Almeida 56,PE,Recife,2024-08-07
57,Juliana Souza 57,MG,Belo Horizonte,2024-01-24
58,Lucas Silva 58,SP,Sao Paulo,2023-05-05
59,Fernanda Silva 59,SP,Sao Paulo,2025-09-03
60,Carlos Santos 60,RJ,Rio de Janeiro,2024-01-16
61,Daniela Souza 61,PR,Curitiba,2025-04-06
62,Renata Pereira 62,SP,Sao Paulo,2023-06-17
63,Lucas Souza 63,RS,Porto Alegre,2024-02-23
64,Eduardo Costa 64,RS,Porto Alegre,2025-03-21
65,Carlos Silva 65,PE,Recife,2024-10-09
66,Carlos Souza 66,PE,Recife,2023-07-24
67,Mariana Santos 67,RS,Porto Alegre,2023-09-29
68,Juliana Oliveira 68,PR,Curitiba,2025-01-26
69,Ana Costa 69,PE,Recife,2024-09-11
70,Igor Santos 70,RJ,Rio de Janeiro,2023-10-03
71,Igor Costa 71,RJ,Rio de Janeiro,2023-11-15
72,Gabriel Costa 72,PR,Curitiba,2024-12-03
73,Bruno Santos 73,PE,Recife,2024-05-29
74,Bruno Silva 74,SC,Florianopolis,2024-07-20
75,Igor Oliveira 75,BA,Salvador,2023-09-25
76,Ana Santos 76,PE,Recife,2025-05-25
77,Bruno Pereira 77,RJ,Rio de Janeiro,2023-11-02
78,Eduardo Silva 78,MG,Belo Horizonte,2025-05-30
79,Bruno Pereira 79,RS,Porto Alegre,2025-01-16
80,Daniela Pereira 80,PR,Curitiba,2024-05-26
81,Helena Oliveira 81,SC,Florianopolis,2023-11-13
82,Ana Oliveira 82,MG,Belo Horizonte,2025-04-24
83,Helena Costa 83,BA,Salvador,2025-04-23
84,Rafael Silva 84,MG,Belo Horizonte,2023-08-10
85,Gabriel Almeida 85,PE,Recife,2024-03-31
86,Helena Souza 86,BA,Salvador,2024-09-17
87,Rafael Pereira 87,SP,Sao Paulo,2024-01-31
88,Igor Pereira 88,RS,Porto Alegre,2023-05-23
89,Lucas Silva 89,SC,Florianopolis,2026-01-03
90,Fernanda Costa 90,RJ,Rio de Janeiro,2024-06-18
91,Renata Pereira 91,SP,Sao Paulo,2023-08-11
92,Daniela Rodrigues 92,BA,Salvador,2025-06-12
93,Bruno Rodrigues 93,PR,Curitiba,2024-06-05
94,Gabriel Pereira 94,SP,Sao Paulo,2025-11-30
95,Lucas Pereira 95,SC,Florianopolis,2023-05-24
96,Juliana Rodrigues 96,RJ,Rio de Janeiro,2024-09-07
97,Juliana Oliveira 97,BA,Salvador,2025-04-04
98,Rafael Oliveira 98,PR,Curitiba,2025-05-11
99,Ana Costa 99,RS,Porto Alegre,2025-04-11
100,Renata Pereira 100,RS,Porto Alegre,2024-03-06
101,Thiago Souza 101,PE,Recife,2025-06-23
102,Carlos Costa 102,PE,Recife,2023-12-14
103,Helena Costa 103,BA,Salvador,2023-07-11
104,Eduardo Silva 104,PR,Curitiba,2024-02-12
105,Vanessa Santos 105,SP,Sao Paulo,2024-05-16
106,Gabriel Rodrigues 106,PE,Recife,2025-04-28
107,Helena Oliveira 107,PE,Recife,2025-03-29
108,Renata Souza 108,SP,Sao Paulo,2023-08-07
109,Thiago Silva 109,MG,Belo Horizonte,2025-11-26
110,Thiago Oliveira 110,PR,Curitiba,2023-09-06
111,Lucas Almeida 111,PE,Recife,2025-12-23
112,Fernanda Almeida 112,SC,Florianopolis,2025-07-02
113,Helena Costa 113,PE,Recife,2024-06-14
114,Igor Almeida 114,PE,Recife,2024-05-04
115,Helena Costa 115,RJ,Rio de Janeiro,2024-08-08
116,Carlos Oliveira 116,BA,Salvador,2024-10-16
117,Rafael Oliveira 117,MG,Belo Horizonte,2024-04-18
118,Renata Rodrigues 118,PR,Curitiba,2023-05-12
119,Renata Silva 119,BA,Salvador,2025-08-12
120,Rafael Silva 120,PR,Curitiba,2025-05-10
121,Ana Pereira 121,SC,Florianopolis,2025-09-03
122,Renata Souza 122,RS,Porto Alegre,2025-03-09
123,Igor Rodrigues 123,PE,Recife,2024-03-25
124,Rafael Pereira 124,PE,Recife,2023-03-01
125,Thiago Oliveira 125,SC,Florianopolis,2023-12-05
126,Ana Santos 126,SP,Sao Paulo,2025-03-17
127,Thiago Oliveira 127,SC,Florianopolis,2023-10-05
128,Rafael Pereira 128,SP,Sao Paulo,2024-06-16
129,Lucas Pereira 129,PR,Curitiba,2025-07-20
130,Renata Costa 130,SC,Florianopolis,2024-07-23
131,Ana Silva 131,RJ,Rio de Janeiro,2025-08-21
132,Carlos Silva 132,BA,Salvador,2024-04-04
133,Gabriel Silva 133,SP,Sao Paulo,2024-05-21
134,Eduardo Almeida 134,MG,Belo Horizonte,2024-05-03
135,Thiago Costa 135,RJ,Rio de Janeiro,2024-03-22
136,Daniela Oliveira 136,BA,Salvador,2023-12-10
137,Ana Costa 137,RS,Porto Alegre,2023-08-10
138,Gabriel Santos 138,SC,Florianopolis,2025-03-23
139,Juliana Santos 139,PR,Curitiba,2023-07-28
140,Renata Pereira 140,SP,Sao Paulo,2024-12-12
141,Lucas Silva 141,RJ,Rio de Janeiro,2025-11-02
142,Daniela Rodrigues 142,SC,Florianopolis,2025-09-30
143,Eduardo Rodrigues 143,BA,Salvador,2025-07-30
144,Igor Almeida 144,MG,Belo Horizonte,2025-12-04
145,Igor Pereira 145,PE,Recife,2025-06-11
146,Igor Almeida 146,PR,Curitiba,2023-06-27
147,Rafael Pereira 147,PR,Curitiba,2025-08-09
148,Lucas Oliveira 148,SP,Sao Paulo,2025-10-09
149,Mariana Costa 149,PE,Recife,2024-03-10
150,Igor Silva 150,BA,Salvador,2024-07-26
151,Helena Rodrigues 151,PR,Curitiba,2023-06-25
152,Vanessa Almeida 152,PE,Recife,2024-05-07
153,Carlos Costa 153,PE,Recife,2023-02-05
154,Helena Costa 154,PR,Curitiba,2025-04-08
155,Mariana Rodrigues 155,BA,Salvador,2025-08-27
156,Thiago Costa 156,BA,Salvador,2024-12-21
157,Helena Santos 157,RS,Porto Alegre,2024-05-29
158,Daniela Oliveira 158,PR,Curitiba,2024-10-08
159,Vanessa Costa 159,PR,Curitiba,2024-03-19
160,Gabriel Costa 160,RS,Porto Alegre,2023-07-25
161,Fernanda Costa 161,PR,Curitiba,2025-01-09
162,Eduardo Costa 162,SP,Sao Paulo,2025-12-29
163,Juliana Oliveira 163,SP,Sao Paulo,2023-04-22
164,Ana Costa 164,PE,Recife,2023-07-30
165,Thiago Pereira 165,PE,Recife,2025-09-07
166,Igor Almeida 166,MG,Belo Horizonte,2023-04-16
167,Rafael Almeida 167,RJ,Rio de Janeiro,2023-05-14
168,Eduardo Oliveira 168,RJ,Rio de Janeiro,2023-04-20
169,Helena Santos 169,RS,Porto Alegre,2023-06-24
170,Rafael Almeida 170,SC,Florianopolis,2024-04-07
171,Renata Costa 171,PE,Recife,2024-08-31
172,Gabriel Souza 172,SP,Sao Paulo,2023-07-23
173,Fernanda Souza 173,RS,Porto Alegre,2023-06-16
174,Fernanda Silva 174,MG,Belo Horizonte,2023-06-03
175,Vanessa Costa 175,SC,Florianopolis,2025-07-11
176,Juliana Costa 176,SP,Sao Paulo,2024-04-19
177,Helena Costa 177,PE,Recife,2023-05-26
178,Daniela Souza 178,PR,Curitiba,2025-05-20
179,Eduardo Santos 179,MG,Belo Horizonte,2024-06-28
180,Juliana Costa 180,SP,Sao Paulo,2023-12-06
181,Thiago Costa 181,PE,Recife,2023-09-12
182,Vanessa Almeida 182,SC,Florianopolis,2024-07-11
183,Renata Pereira 183,RJ,Rio de Janeiro,2023-03-23
184,Carlos Souza 184,RS,Porto Alegre,2023-02-22
185,Bruno Oliveira 185,SP,Sao Paulo,2024-07-05
186,Thiago Costa 186,PE,Recife,2025-11-28
187,Vanessa Santos 187,MG,Belo Horizonte,2025-06-11
188,Renata Pereira 188,PE,Recife,2024-12-13
189,Fernanda Pereira 189,BA,Salvador,2023-08-03
190,Juliana Rodrigues 190,SC,Florianopolis,2025-10-11
191,Carlos Pereira 191,SP,Sao Paulo,2025-07-20
192,Daniela Rodrigues 192,RS,Porto Alegre,2024-10-24
193,Renata Silva 193,SP,Sao Paulo,2025-08-04
194,Mariana Almeida 194,PR,Curitiba,2025-11-27
195,Gabriel Costa 195,PE,Recife,2023-04-16
196,Thiago Almeida 196,MG,Belo Horizonte,2024-08-12
197,Helena Oliveira 197,RJ,Rio de Janeiro,2023-03-01
198,Renata Santos 198,RS,Porto Alegre,2023-01-29
199,Thiago Santos 199,PR,Curitiba,2023-08-21
200,Juliana Costa 200,MG,Belo Horizonte,2025-10-17
201,Vanessa Souza 201,SC,Florianopolis,2025-09-15
202,Rafael Souza 202,PE,Recife,2023-10-24
203,Igor Rodrigues 203,MG,Belo Horizonte,2023-05-23
204,Igor Silva 204,BA,Salvador,2025-11-05
205,Vanessa Oliveira 205,RS,Porto Alegre,2024-09-03
206,Mariana Pereira 206,PE,Recife,2025-09-18
207,Lucas Souza 207,SC,Florianopolis,2025-07-21
208,Helena Rodrigues 208,PR,Curitiba,2025-02-23
209,Vanessa Rodrigues 209,SP,Sao Paulo,2024-10-13
210,Vanessa Silva 210,SC,Florianopolis,2023-11-08
211,Lucas Santos 211,MG,Belo Horizonte,2025-10-25
212,Thiago Silva 212,PE,Recife,2023-07-24
213,Eduardo Santos 213,MG,Belo Horizonte,2025-04-19
214,Lucas Rodrigues 214,PE,Recife,2024-06-26
215,Rafael Pereira 215,RJ,Rio de Janeiro,2024-11-03
216,Carlos Souza 216,PE,Recife,2023-03-15
217,Carlos Rodrigues 217,RS,Porto Alegre,2024-04-10
218,Thiago Oliveira 218,RJ,Rio de Janeiro,2023-07-25
219,Bruno Pereira 219,RS,Porto Alegre,2023-03-01
220,Mariana Pereira 220,SP,Sao Paulo,2024-08-23
221,Helena Rodrigues 221,SC,Florianopolis,2023-10-26
222,Fernanda Santos 222,MG,Belo Horizonte,2023-12-15
223,Vanessa Oliveira 223,SC,Florianopolis,2024-05-08
224,Igor Almeida 224,PR,Curitiba,2025-08-02
225,Thiago Costa 225,RS,Porto Alegre,2023-01-20
226,Thiago Pereira 226,MG,Belo Horizonte,2023-06-01
227,Igor Almeida 227,RS,Porto Alegre,2025-05-18
228,Rafael Almeida 228,RS,Porto Alegre,2024-02-12
229,Rafael Pereira 229,RJ,Rio de Janeiro,2024-04-30
230,Ana Rodrigues 230,RS,Porto Alegre,2024-08-27
231,Bruno Almeida 231,RS,Porto Alegre,2023-01-17
232,Mariana Souza 232,RS,Porto Alegre,2024-04-16
233,Eduardo Santos 233,PR,Curitiba,2024-05-28
234,Thiago Silva 234,SP,Sao Paulo,2024-09-24
235,Carlos Costa 235,BA,Salvador,2023-09-27
236,Fernanda Souza 236,BA,Salvador,2025-04-30
237,Igor Oliveira 237,MG,Belo Horizonte,2025-01-19
238,Juliana Pereira 238,RS,Porto Alegre,2025-09-13
239,Carlos Oliveira 239,RJ,Rio de Janeiro,2025-08-17
240,Mariana Santos 240,PR,Curitiba,2025-03-24
241,Igor Santos 241,SC,Florianopolis,2023-01-29
242,Igor Rodrigues 242,PE,Recife,2025-01-24
243,Helena Almeida 243,BA,Salvador,2023-08-10
244,Helena Santos 244,SP,Sao Paulo,2024-11-02
245,Renata Santos 245,PE,Recife,2024-09-10
246,Bruno Costa 246,MG,Belo Horizonte,2023-04-03
247,Daniela Souza 247,PE,Recife,2023-08-26
248,Thiago Pereira 248,MG,Belo Horizonte,2025-03-06
249,Renata Santos 249,SC,Florianopolis,2023-11-13
250,Igor Silva 250,PE,Recife,2025-04-15
251,Thiago Almeida 251,BA,Salvador,2024-03-20
252,Daniela Pereira 252,PR,Curitiba,2025-01-12
253,Rafael Costa 253,BA,Salvador,2023-05-05
254,Thiago Santos 254,PR,Curitiba,2023-09-08
255,Bruno Pereira 255,PR,Curitiba,2023-02-13
256,Gabriel Santos 256,PR,Curitiba,2023-09-15
257,Helena Pereira 257,PR,Curitiba,2024-03-18
258,Igor Oliveira 258,MG,Belo Horizonte,2023-01-06
259,Fernanda Santos 259,MG,Belo Horizonte,2024-05-28
260,Ana Pereira 260,SP,Sao Paulo,2023-09-27
261,Ana Oliveira 261,PR,Curitiba,2024-10-25
262,Eduardo Rodrigues 262,RS,Porto Alegre,2023-04-18
263,Vanessa Almeida 263,RJ,Rio de Janeiro,2023-05-11
264,Daniela Almeida 264,BA,Salvador,2025-11-17
265,Juliana Almeida 265,PR,Curitiba,2023-03-30
266,Vanessa Rodrigues 266,SP,Sao Paulo,2023-05-05
267,Vanessa Almeida 267,SC,Florianopolis,2023-08-10
268,Lucas Oliveira 268,RJ,Rio de Janeiro,2023-06-15
269,Igor Pereira 269,RJ,Rio de Janeiro,2023-09-16
270,Juliana Almeida 270,SC,Florianopolis,2025-12-22
271,Daniela Souza 271,SC,Florianopolis,2023-07-23
272,Helena Rodrigues 272,SC,Florianopolis,2025-07-13
273,Rafael Rodrigues 273,BA,Salvador,2025-07-17
274,Renata Pereira 274,RJ,Rio de Janeiro,2024-10-02
275,Eduardo Almeida 275,RS,Porto Alegre,2025-02-05
276,Carlos Santos 276,RJ,Rio de Janeiro,2023-07-06
277,Mariana Oliveira 277,SC,Florianopolis,2023-07-17
278,Daniela Rodrigues 278,SP,Sao Paulo,2024-11-06
279,Bruno Costa 279,BA,Salvador,2025-05-16
280,Daniela Souza 280,RS,Porto Alegre,2024-12-21
281,Helena Santos 281,MG,Belo Horizonte,2025-09-14
282,Daniela Costa 282,BA,Salvador,2025-01-22
283,Ana Costa 283,PR,Curitiba,2025-05-28
284,Igor Costa 284,SP,Sao Paulo,2024-01-05
285,Ana Oliveira 285,BA,Salvador,2024-12-19
286,Carlos Oliveira 286,MG,Belo Horizonte,2025-03-31
287,Gabriel Rodrigues 287,SP,Sao Paulo,2023-07-07
288,Lucas Oliveira 288,SC,Florianopolis,2025-07-18
289,Lucas Santos 289,BA,Salvador,2024-09-30
290,Fernanda Silva 290,SP,Sao Paulo,2023-11-15
291,Thiago Rodrigues 291,RJ,Rio de Janeiro,2024-07-11
292,Renata Costa 292,PE,Recife,2025-06-24
293,Daniela Pereira 293,PR,Curitiba,2025-11-15
294,Juliana Almeida 294,SC,Florianopolis,2023-08-16
295,Helena Rodrigues 295,RS,Porto Alegre,2023-04-04
296,Gabriel Costa 296,SP,Sao Paulo,2023-01-16
297,Igor Costa 297,PR,Curitiba,2023-10-09
298,Ana Almeida 298,BA,Salvador,2023-09-03
299,Eduardo Rodrigues 299,SC,Florianopolis,2023-12-26
300,Mariana Santos 300,PR,Curitiba,2025-10-21
301,Renata Silva 301,SC,Florianopolis,2023-03-28
302,Lucas Rodrigues 302,PE,Recife,2023-06-09
303,Juliana Santos 303,SC,Florianopolis,2025-05-05
304,Lucas Oliveira 304,SC,Florianopolis,2023-02-12
305,Carlos Rodrigues 305,PE,Recife,2025-01-11
306,Renata Rodrigues 306,RJ,Rio de Janeiro,2024-05-13
307,Juliana Pereira 307,RJ,Rio de Janeiro,2025-03-21
308,Fernanda Santos 308,PR,Curitiba,2024-11-13
309,Gabriel Pereira 309,RJ,Rio de Janeiro,2025-12-22
310,Helena Santos 310,BA,Salvador,2023-10-30
311,Gabriel Oliveira 311,MG,Belo Horizonte,2024-06-08
312,Fernanda Almeida 312,MG,Belo Horizonte,2023-06-04
313,Lucas Pereira 313,PE,Recife,2025-07-08
314,Carlos Almeida 314,MG,Belo Horizonte,2025-06-19
315,Igor Silva 315,PE,Recife,2024-09-12
316,Carlos Costa 316,BA,Salvador,2025-11-05
317,Bruno Silva 317,PE,Recife,2025-07-14
318,Carlos Santos 318,BA,Salvador,2024-08-10
319,Bruno Almeida 319,SC,Florianopolis,2025-08-05
320,Vanessa Oliveira 320,PR,Curitiba,2024-10-20
321,Daniela Pereira 321,SP,Sao Paulo,2025-07-11
322,Fernanda Silva 322,RJ,Rio de Janeiro,2025-10-30
323,Thiago Oliveira 323,PR,Curitiba,2025-06-15
324,Juliana Rodrigues 324,BA,Salvador,2025-02-02
325,Bruno Pereira 325,SC,Florianopolis,2024-11-23
326,Daniela Rodrigues 326,RJ,Rio de Janeiro,2024-11-06
327,Eduardo Pereira 327,RS,Porto Alegre,2024-05-31
328,Mariana Costa 328,RJ,Rio de Janeiro,2023-10-17
329,Carlos Costa 329,SC,Florianopolis,2023-09-22
330,Eduardo Santos 330,SC,Florianopolis,2024-11-03
331,Mariana Silva 331,SC,Florianopolis,2025-11-07
332,Fernanda Souza 332,BA,Salvador,2024-09-24
333,Gabriel Souza 333,BA,Salvador,2025-09-22
334,Carlos Costa 334,MG,Belo Horizonte,2023-11-14
335,Bruno Pereira 335,RJ,Rio de Janeiro,2025-11-05
336,Eduardo Oliveira 336,MG,Belo Horizonte,2025-02-10
337,Thiago Silva 337,MG,Belo Horizonte,2023-12-06
338,Helena Almeida 338,SC,Florianopolis,2025-01-16
339,Helena Souza 339,RS,Porto Alegre,2025-07-08
340,Gabriel Pereira 340,RS,Porto Alegre,2025-08-18
341,Juliana Rodrigues 341,PE,Recife,2025-08-03
342,Gabriel Oliveira 342,SC,Florianopolis,2023-11-28
343,Vanessa Pereira 343,RS,Porto Alegre,2023-04-17
344,Daniela Costa 344,RJ,Rio de Janeiro,2025-11-22
345,Igor Almeida 345,RJ,Rio de Janeiro,2023-11-25
346,Carlos Souza 346,MG,Belo Horizonte,2025-06-14
347,Ana Rodrigues 347,PE,Recife,2024-12-16
348,Mariana Souza 348,SP,Sao Paulo,2025-03-22
349,Mariana Souza 349,SC,Florianopolis,2023-06-17
350,Daniela Pereira 350,SP,Sao Paulo,2024-10-14
351,Bruno Costa 351,MG,Belo Horizonte,2023-10-09
352,Vanessa Almeida 352,PE,Recife,2023-10-12
353,Ana Costa 353,SP,Sao Paulo,2023-06-12
354,Renata Santos 354,PR,Curitiba,2023-11-03
355,Juliana Santos 355,RS,Porto Alegre,2024-05-01
356,Renata Almeida 356,SP,Sao Paulo,2024-05-03
357,Vanessa Silva 357,RJ,Rio de Janeiro,2023-08-16
358,Juliana Rodrigues 358,PR,Curitiba,2023-10-22
359,Helena Rodrigues 359,SP,Sao Paulo,2024-12-23
360,Mariana Santos 360,MG,Belo Horizonte,2023-06-25
361,Vanessa Silva 361,SP,Sao Paulo,2025-03-10
362,Igor Silva 362,SC,Florianopolis,2025-02-03
363,Mariana Souza 363,BA,Salvador,2023-05-19
364,Eduardo Silva 364,RJ,Rio de Janeiro,2024-11-11
365,Fernanda Almeida 365,BA,Salvador,2024-11-24
366,Eduardo Santos 366,PE,Recife,2024-01-09
367,Juliana Souza 367,PE,Recife,2023-03-17
368,Bruno Pereira 368,SP,Sao Paulo,2024-02-13
369,Rafael Almeida 369,RS,Porto Alegre,2025-11-21
370,Gabriel Costa 370,RS,Porto Alegre,2023-03-16
371,Lucas Costa 371,BA,Salvador,2023-04-08
372,Renata Rodrigues 372,RJ,Rio de Janeiro,2025-01-23
373,Lucas Oliveira 373,PE,Recife,2025-03-02
374,Mariana Costa 374,PE,Recife,2025-10-15
375,Carlos Rodrigues 375,RJ,Rio de Janeiro,2025-05-19
376,Lucas Santos 376,MG,Belo Horizonte,2024-08-24
377,Juliana Costa 377,RJ,Rio de Janeiro,2024-11-02
378,Fernanda Almeida 378,PE,Recife,2025-05-22
379,Bruno Pereira 379,BA,Salvador,2025-07-04
380,Bruno Santos 380,SC,Florianopolis,2024-07-16
381,Fernanda Silva 381,SC,Florianopolis,2025-01-14
382,Bruno Oliveira 382,MG,Belo Horizonte,2025-06-16
383,Mariana Pereira 383,RJ,Rio de Janeiro,2024-04-28
384,Eduardo Almeida 384,SC,Florianopolis,2023-03-08
385,Thiago Santos 385,BA,Salvador,2025-01-31
386,Mariana Rodrigues 386,MG,Belo Horizonte,2025-12-20
387,Helena Santos 387,BA,Salvador,2024-07-24
388,Vanessa Rodrigues 388,SP,Sao Paulo,2024-01-17
389,Igor Almeida 389,RJ,Rio de Janeiro,2024-06-20
390,Vanessa Souza 390,PR,Curitiba,2024-08-07
391,Carlos Almeida 391,RJ,Rio de Janeiro,2023-10-05
392,Carlos Pereira 392,MG,Belo Horizonte,2025-06-30
393,Juliana Costa 393,BA,Salvador,2023-05-13
394,Mariana Souza 394,MG,Belo Horizonte,2023-12-23
395,Eduardo Souza 395,RJ,Rio de Janeiro,2024-02-16
396,Mariana Pereira 396,PE,Recife,2023-02-23
397,Carlos Santos 397,PE,Recife,2023-09-23
398,Vanessa Rodrigues 398,RS,Porto Alegre,2025-03-26
399,Eduardo Pereira 399,SC,Florianopolis,2023-06-01
400,Thiago Pereira 400,RJ,Rio de Janeiro,2025-07-10
401,Eduardo Rodrigues 401,MG,Belo Horizonte,2024-01-08
402,Eduardo Costa 402,SP,Sao Paulo,2023-09-12
403,Lucas Souza 403,MG,Belo Horizonte,2023-11-28
404,Juliana Santos 404,BA,Salvador,2025-11-28
405,Igor Oliveira 405,RS,Porto Alegre,2024-02-07
406,Carlos Oliveira 406,RS,Porto Alegre,2025-12-28
407,Lucas Silva 407,MG,Belo Horizonte,2023-12-17
408,Bruno Costa 408,SP,Sao Paulo,2023-06-16
409,Ana Almeida 409,PR,Curitiba,2025-05-03
410,Vanessa Souza 410,RS,Porto Alegre,2024-09-10
411,Thiago Santos 411,SC,Florianopolis,2024-09-01
412,Thiago Rodrigues 412,SP,Sao Paulo,2023-11-20
413,Gabriel Pereira 413,PE,Recife,2025-08-09
414,Lucas Pereira 414,MG,Belo Horizonte,2024-10-02
415,Mariana Santos 415,SC,Florianopolis,2023-09-25
416,Thiago Santos 416,BA,Salvador,2024-05-10
417,Helena Oliveira 417,RS,Porto Alegre,2025-07-09
418,Juliana Rodrigues 418,RJ,Rio de Janeiro,2023-04-14
419,Fernanda Pereira 419,SC,Florianopolis,2024-05-23
420,Fernanda Almeida 420,BA,Salvador,2024-01-24
421,Juliana Almeida 421,PE,Recife,2025-10-18
422,Rafael Almeida 422,SP,Sao Paulo,2023-07-04
423,Mariana Silva 423,PR,Curitiba,2024-03-16
424,Vanessa Almeida 424,SP,Sao Paulo,2024-07-30
425,Ana Santos 425,RS,Porto Alegre,2026-01-04
426,Igor Pereira 426,SC,Florianopolis,2023-10-02
427,Bruno Rodrigues 427,SC,Florianopolis,2025-01-19
428,Mariana Costa 428,SP,Sao Paulo,2024-02-03
429,Thiago Costa 429,RJ,Rio de Janeiro,2025-03-02
430,Daniela Rodrigues 430,RJ,Rio de Janeiro,2023-09-21
431,Mariana Oliveira 431,BA,Salvador,2024-11-25
432,Rafael Silva 432,PR,Curitiba,2025-11-08
433,Eduardo Pereira 433,SP,Sao Paulo,2023-03-21
434,Thiago Oliveira 434,PE,Recife,2025-11-29
435,Lucas Oliveira 435,MG,Belo Horizonte,2024-11-02
436,Lucas Almeida 436,SC,Florianopolis,2024-09-04
437,Ana Pereira 437,RS,Porto Alegre,2025-08-30
438,Renata Costa 438,BA,Salvador,2023-08-13
439,Igor Souza 439,SP,Sao Paulo,2025-08-29
440,Fernanda Rodrigues 440,SP,Sao Paulo,2025-09-10
441,Bruno Santos 441,MG,Belo Horizonte,2024-05-11
442,Thiago Pereira 442,PR,Curitiba,2023-02-08
443,Renata Souza 443,SC,Florianopolis,2023-11-07
444,Vanessa Silva 444,SC,Florianopolis,2025-10-24
445,Gabriel Pereira 445,MG,Belo Horizonte,2025-11-28
446,Rafael Pereira 446,PE,Recife,2025-12-12
447,Lucas Pereira 447,MG,Belo Horizonte,2025-07-30
448,Gabriel Souza 448,RS,Porto Alegre,2025-09-18
449,Helena Costa 449,RS,Porto Alegre,2024-09-03
450,Vanessa Pereira 450,RS,Porto Alegre,2024-02-29
451,Igor Costa 451,PE,Recife,2024-12-15
452,Rafael Pereira 452,RJ,Rio de Janeiro,2025-02-16
453,Bruno Costa 453,MG,Belo Horizonte,2024-08-17
454,Thiago Costa 454,RJ,Rio de Janeiro,2024-12-10
455,Gabriel Costa 455,PE,Recife,2024-03-14
456,Daniela Souza 456,RS,Porto Alegre,2023-10-09
457,Helena Souza 457,PR,Curitiba,2023-04-14
458,Renata Pereira 458,SP,Sao Paulo,2023-07-25
459,Eduardo Silva 459,PE,Recife,2023-07-25
460,Vanessa Almeida 460,MG,Belo Horizonte,2025-04-13
461,Lucas Costa 461,PR,Curitiba,2024-08-11
462,Helena Silva 462,SP,Sao Paulo,2023-07-03
463,Fernanda Silva 463,MG,Belo Horizonte,2025-05-05
464,Fernanda Costa 464,SC,Florianopolis,2025-10-11
465,Juliana Santos 465,SP,Sao Paulo,2023-01-19
466,Thiago Almeida 466,BA,Salvador,2024-08-05
467,Thiago Costa 467,MG,Belo Horizonte,2025-10-29
468,Lucas Oliveira 468,PR,Curitiba,2023-08-19
469,Fernanda Silva 469,PE,Recife,2024-06-10
470,Gabriel Oliveira 470,BA,Salvador,2024-08-27
471,Lucas Santos 471,SC,Florianopolis,2025-05-25
472,Fernanda Oliveira 472,SC,Florianopolis,2023-07-15
473,Helena Silva 473,PE,Recife,2024-10-24
474,Helena Almeida 474,RS,Porto Alegre,2025-02-24
475,Juliana Silva 475,RS,Porto Alegre,2024-11-06
476,Helena Silva 476,RS,Porto Alegre,2025-01-06
477,Juliana Oliveira 477,RJ,Rio de Janeiro,2025-08-11
478,Juliana Santos 478,SC,Florianopolis,2025-10-26
479,Helena Souza 479,RS,Porto Alegre,2025-01-22
480,Eduardo Almeida 480,MG,Belo Horizonte,2025-09-06
481,Vanessa Souza 481,BA,Salvador,2025-05-01
482,Thiago Pereira 482,PR,Curitiba,2023-06-17
483,Bruno Souza 483,RJ,Rio de Janeiro,2023-08-18
484,Lucas Almeida 484,MG,Belo Horizonte,2023-12-03
485,Vanessa Santos 485,RJ,Rio de Janeiro,2024-02-25
486,Thiago Oliveira 486,PE,Recife,2023-04-24
487,Bruno Almeida 487,SC,Florianopolis,2025-07-24
488,Rafael Costa 488,RS,Porto Alegre,2023-02-14
489,Carlos Silva 489,SP,Sao Paulo,2024-03-22
490,Carlos Silva 490,SC,Florianopolis,2024-12-06
491,Bruno Costa 491,RJ,Rio de Janeiro,2025-08-24
492,Eduardo Rodrigues 492,SC,Florianopolis,2024-01-04
493,Thiago Rodrigues 493,BA,Salvador,2025-02-22
494,Eduardo Pereira 494,SC,Florianopolis,2023-06-14
495,Rafael Oliveira 495,RJ,Rio de Janeiro,2024-01-01
496,Ana Costa 496,PR,Curitiba,2023-01-08
497,Rafael Souza 497,PE,Recife,2025-05-18
498,Mariana Oliveira 498,PR,Curitiba,2025-08-01
499,Daniela Silva 499,RS,Porto Alegre,2024-01-22
500,Helena Souza 500,SC,Florianopolis,2023-02-02
501,Bruno Almeida 501,RJ,Rio de Janeiro,2023-07-26
502,Bruno Rodrigues 502,SP,Sao Paulo,2024-05-16
503,Gabriel Silva 503,PE,Recife,2024-04-24
504,Juliana Souza 504,MG,Belo Horizonte,2025-10-28
505,Helena Costa 505,BA,Salvador,2024-10-18
506,Helena Rodrigues 506,MG,Belo Horizonte,2025-12-03
507,Bruno Oliveira 507,RS,Porto Alegre,2024-07-17
508,Bruno Pereira 508,SC,Florianopolis,2025-10-12
509,Lucas Rodrigues 509,SC,Florianopolis,2025-12-10
510,Juliana Rodrigues 510,SC,Florianopolis,2023-11-02
511,Helena Souza 511,MG,Belo Horizonte,2025-08-27
512,Thiago Silva 512,RS,Porto Alegre,2023-10-23
513,Eduardo Rodrigues 513,SC,Florianopolis,2025-05-03
514,Gabriel Pereira 514,PR,Curitiba,2024-06-06
515,Mariana Santos 515,RJ,Rio de Janeiro,2025-07-10
516,Igor Rodrigues 516,PR,Curitiba,2023-04-16
517,Gabriel Souza 517,SP,Sao Paulo,2023-05-30
518,Lucas Costa 518,PE,Recife,2024-03-03
519,Gabriel Santos 519,SP,Sao Paulo,2024-03-09
520,Gabriel Rodrigues 520,PE,Recife,2024-05-11
521,Juliana Rodrigues 521,PR,Curitiba,2024-10-20
522,Mariana Costa 522,PE,Recife,2025-12-28
523,Vanessa Almeida 523,RS,Porto Alegre,2025-01-06
524,Lucas Souza 524,RJ,Rio de Janeiro,2025-08-19
525,Renata Silva 525,BA,Salvador,2024-10-02
526,Ana Costa 526,PR,Curitiba,2023-10-26
527,Eduardo Souza 527,SC,Florianopolis,2024-08-27
528,Rafael Souza 528,BA,Salvador,2024-04-16
529,Igor Almeida 529,PE,Recife,2024-11-22
530,Fernanda Pereira 530,PE,Recife,2025-08-01
531,Vanessa Oliveira 531,MG,Belo Horizonte,2023-10-14
532,Bruno Santos 532,SP,Sao Paulo,2025-12-09
533,Renata Oliveira 533,SP,Sao Paulo,2023-01-14
534,Eduardo Silva 534,PR,Curitiba,2023-05-20
535,Thiago Pereira 535,PR,Curitiba,2025-11-01
536,Vanessa Silva 536,SP,Sao Paulo,2025-09-16
537,Renata Silva 537,SP,Sao Paulo,2025-12-25
538,Igor Costa 538,SP,Sao Paulo,2025-12-20
539,Renata Oliveira 539,SP,Sao Paulo,2025-10-25
540,Eduardo Souza 540,RJ,Rio de Janeiro,2023-07-17
541,Igor Pereira 541,PR,Curitiba,2025-12-14
542,Carlos Pereira 542,RS,Porto Alegre,2025-03-23
543,Helena Souza 543,SC,Florianopolis,2025-07-29
544,Bruno Santos 544,RS,Porto Alegre,2023-06-15
545,Rafael Almeida 545,SC,Florianopolis,2025-02-15
546,Fernanda Santos 546,SP,Sao Paulo,2023-01-20
547,Lucas Santos 547,PE,Recife,2025-06-07
548,Gabriel Almeida 548,SP,Sao Paulo,2024-04-15
549,Carlos Costa 549,RS,Porto Alegre,2023-04-06
550,Lucas Silva 550,SP,Sao Paulo,2024-01-03
551,Rafael Santos 551,PR,Curitiba,2023-10-23
552,Helena Rodrigues 552,RS,Porto Alegre,2023-11-29
553,Eduardo Santos 553,BA,Salvador,2025-02-25
554,Daniela Rodrigues 554,BA,Salvador,2023-04-20
555,Lucas Rodrigues 555,PR,Curitiba,2023-06-05
556,Igor Almeida 556,BA,Salvador,2023-03-02
557,Mariana Rodrigues 557,PE,Recife,2024-04-12
558,Rafael Santos 558,SC,Florianopolis,2024-01-16
559,Carlos Santos 559,RS,Porto Alegre,2024-05-19
560,Rafael Oliveira 560,RS,Porto Alegre,2023-11-12
561,Mariana Santos 561,SC,Florianopolis,2024-10-10
562,Juliana Almeida 562,RJ,Rio de Janeiro,2023-01-11
563,Daniela Oliveira 563,BA,Salvador,2024-07-06
564,Renata Almeida 564,RJ,Rio de Janeiro,2024-01-19
565,Ana Santos 565,SC,Florianopolis,2023-07-31
566,Lucas Rodrigues 566,BA,Salvador,2023-07-10
567,Renata Rodrigues 567,SP,Sao Paulo,2024-08-20
568,Fernanda Rodrigues 568,RJ,Rio de Janeiro,2024-05-12
569,Igor Costa 569,MG,Belo Horizonte,2023-10-12
570,Eduardo Santos 570,RS,Porto Alegre,2025-10-06
571,Igor Rodrigues 571,MG,Belo Horizonte,2025-06-09
572,Carlos Pereira 572,RS,Porto Alegre,2025-09-18
573,Vanessa Souza 573,RS,Porto Alegre,2024-05-20
574,Eduardo Costa 574,PE,Recife,2023-08-08
575,Lucas Rodrigues 575,SP,Sao Paulo,2025-03-21
576,Lucas Rodrigues 576,BA,Salvador,2025-06-20
577,Lucas Souza 577,MG,Belo Horizonte,2024-09-07
578,Fernanda Rodrigues 578,PE,Recife,2024-10-05
579,Vanessa Souza 579,BA,Salvador,2024-08-19
580,Igor Rodrigues 580,BA,Salvador,2025-02-09
581,Gabriel Oliveira 581,BA,Salvador,2023-08-22
582,Gabriel Almeida 582,SP,Sao Paulo,2025-08-03
583,Renata Almeida 583,RS,Porto Alegre,2023-05-22
584,Helena Costa 584,MG,Belo Horizonte,2024-09-12
585,Rafael Santos 585,MG,Belo Horizonte,2025-05-16
586,Rafael Rodrigues 586,PE,Recife,2025-09-08
587,Carlos Santos 587,SP,Sao Paulo,2025-01-06
588,Fernanda Silva 588,PR,Curitiba,2024-12-28
589,Renata Santos 589,SC,Florianopolis,2024-11-10
590,Igor Souza 590,SP,Sao Paulo,2023-07-21
591,Mariana Rodrigues 591,PR,Curitiba,2025-07-01
592,Eduardo Pereira 592,PE,Recife,2025-10-21
593,Daniela Costa 593,SP,Sao Paulo,2025-09-15
594,Daniela Oliveira 594,SC,Florianopolis,2023-06-25
595,Lucas Almeida 595,BA,Salvador,2024-09-30
596,Vanessa Pereira 596,PR,Curitiba,2025-12-03
597,Thiago Almeida 597,PE,Recife,2023-07-19
598,Juliana Silva 598,BA,Salvador,2023-05-18
599,Lucas Santos 599,RJ,Rio de Janeiro,2023-02-16
600,Fernanda Oliveira 600,MG,Belo Horizonte,2024-05-14
601,Thiago Souza 601,BA,Salvador,2025-05-23
602,Fernanda Rodrigues 602,SC,Florianopolis,2024-01-13
603,Gabriel Almeida 603,SC,Florianopolis,2023-03-01
604,Ana Souza 604,SC,Florianopolis,2025-03-07
605,Carlos Santos 605,PR,Curitiba,2024-07-24
606,Lucas Souza 606,MG,Belo Horizonte,2025-01-19
607,Igor Almeida 607,PE,Recife,2023-08-22
608,Rafael Santos 608,BA,Salvador,2025-03-06
609,Thiago Oliveira 609,BA,Salvador,2024-12-21
610,Eduardo Pereira 610,RS,Porto Alegre,2023-06-23
611,Juliana Santos 611,RJ,Rio de Janeiro,2024-05-03
612,Eduardo Rodrigues 612,MG,Belo Horizonte,2025-02-03
613,Rafael Rodrigues 613,SC,Florianopolis,2023-10-10
614,Fernanda Oliveira 614,MG,Belo Horizonte,2025-09-23
615,Eduardo Oliveira 615,PE,Recife,2024-08-14
616,Bruno Pereira 616,BA,Salvador,2025-07-12
617,Eduardo Souza 617,SP,Sao Paulo,2025-09-19
618,Vanessa Rodrigues 618,SC,Florianopolis,2025-11-01
619,Thiago Almeida 619,PE,Recife,2025-05-01
620,Ana Souza 620,MG,Belo Horizonte,2023-06-19
621,Igor Souza 621,RS,Porto Alegre,2023-03-08
622,Thiago Almeida 622,RS,Porto Alegre,2023-12-11
623,Igor Pereira 623,RJ,Rio de Janeiro,2023-08-22
624,Gabriel Rodrigues 624,SP,Sao Paulo,2025-06-22
625,Juliana Silva 625,RJ,Rio de Janeiro,2024-05-21
626,Mariana Santos 626,PE,Recife,2024-06-22
627,Helena Souza 627,PE,Recife,2023-08-29
628,Fernanda Oliveira 628,BA,Salvador,2025-05-26
629,Bruno Pereira 629,PR,Curitiba,2024-02-28
630,Lucas Costa 630,RS,Porto Alegre,2023-12-11
631,Daniela Oliveira 631,RS,Porto Alegre,2024-07-01
632,Igor Oliveira 632,SC,Florianopolis,2023-05-02
633,Eduardo Pereira 633,MG,Belo Horizonte,2024-05-26
634,Vanessa Oliveira 634,PR,Curitiba,2025-03-15
635,Rafael Almeida 635,RS,Porto Alegre,2025-04-28
636,Rafael Costa 636,RJ,Rio de Janeiro,2023-07-10
637,Vanessa Pereira 637,BA,Salvador,2025-07-20
638,Thiago Pereira 638,SP,Sao Paulo,2023-07-10
639,Rafael Souza 639,RJ,Rio de Janeiro,2025-12-30
640,Vanessa Costa 640,SC,Florianopolis,2024-03-09
641,Lucas Oliveira 641,BA,Salvador,2024-08-03
642,Bruno Silva 642,PE,Recife,2024-12-04
643,Ana Santos 643,RJ,Rio de Janeiro,2025-07-30
644,Thiago Silva 644,MG,Belo Horizonte,2025-06-22
645,Eduardo Costa 645,SC,Florianopolis,2024-02-19
646,Carlos Pereira 646,MG,Belo Horizonte,2024-07-15
647,Mariana Oliveira 647,RS,Porto Alegre,2023-06-18
648,Juliana Souza 648,SP,Sao Paulo,2025-03-22
649,Daniela Silva 649,SC,Florianopolis,2023-07-06
650,Carlos Oliveira 650,PR,Curitiba,2025-09-03
651,Thiago Silva 651,PR,Curitiba,2025-11-29
652,Daniela Rodrigues 652,SP,Sao Paulo,2024-12-04
653,Carlos Souza 653,MG,Belo Horizonte,2025-09-05
654,Daniela Santos 654,SC,Florianopolis,2023-07-02
655,Juliana Oliveira 655,BA,Salvador,2025-01-22
656,Eduardo Santos 656,SC,Florianopolis,2023-09-30
657,Thiago Pereira 657,SP,Sao Paulo,2023-12-03
658,Renata Almeida 658,PR,Curitiba,2023-11-07
659,Daniela Oliveira 659,PR,Curitiba,2023-06-27
660,Mariana Rodrigues 660,RJ,Rio de Janeiro,2025-02-25
661,Helena Costa 661,BA,Salvador,2023-10-14
662,Juliana Silva 662,RJ,Rio de Janeiro,2024-05-23
663,Gabriel Rodrigues 663,RS,Porto Alegre,2024-02-25
664,Helena Almeida 664,RS,Porto Alegre,2023-04-22
665,Helena Almeida 665,SC,Florianopolis,2023-08-19
666,Ana Pereira 666,RJ,Rio de Janeiro,2025-12-17
667,Rafael Rodrigues 667,BA,Salvador,2023-09-28
668,Vanessa Santos 668,BA,Salvador,2023-12-20
669,Ana Costa 669,SP,Sao Paulo,2023-05-19
670,Bruno Rodrigues 670,PR,Curitiba,2023-03-23
671,Renata Rodrigues 671,RS,Porto Alegre,2025-10-23
672,Eduardo Costa 672,SC,Florianopolis,2023-06-18
673,Carlos Souza 673,RJ,Rio de Janeiro,2024-09-26
674,Lucas Rodrigues 674,MG,Belo Horizonte,2026-01-03
675,Renata Souza 675,RJ,Rio de Janeiro,2024-09-27
676,Carlos Rodrigues 676,SP,Sao Paulo,2024-05-15
677,Bruno Costa 677,RJ,Rio de Janeiro,2025-07-17
678,Ana Oliveira 678,MG,Belo Horizonte,2023-09-02
679,Vanessa Pereira 679,SP,Sao Paulo,2023-12-02
680,Mariana Oliveira 680,RS,Porto Alegre,2023-12-08
681,Ana Pereira 681,RS,Porto Alegre,2023-08-30
682,Carlos Costa 682,SC,Florianopolis,2024-07-11
683,Thiago Pereira 683,RJ,Rio de Janeiro,2025-10-13
684,Fernanda Pereira 684,SP,Sao Paulo,2025-10-20
685,Daniela Santos 685,MG,Belo Horizonte,2024-06-06
686,Ana Silva 686,PR,Curitiba,2025-11-08
687,Bruno Almeida 687,SP,Sao Paulo,2024-05-15
688,Eduardo Oliveira 688,BA,Salvador,2025-02-23
689,Helena Pereira 689,SP,Sao Paulo,2025-05-08
690,Lucas Costa 690,PR,Curitiba,2025-05-02
691,Daniela Silva 691,RJ,Rio de Janeiro,2025-02-02
692,Bruno Rodrigues 692,MG,Belo Horizonte,2024-04-02
693,Juliana Costa 693,RJ,Rio de Janeiro,2025-08-10
694,Thiago Silva 694,BA,Salvador,2023-06-26
695,Juliana Costa 695,BA,Salvador,2024-02-15
696,Mariana Almeida 696,PR,Curitiba,2025-08-08
697,Eduardo Silva 697,PR,Curitiba,2024-05-17
698,Helena Pereira 698,SC,Florianopolis,2023-02-18
699,Ana Rodrigues 699,SP,Sao Paulo,2024-11-17
700,Gabriel Souza 700,RS,Porto Alegre,2023-08-01
701,Bruno Oliveira 701,SC,Florianopolis,2025-10-04
702,Bruno Souza 702,RS,Porto Alegre,2023-07-10
703,Thiago Santos 703,SC,Florianopolis,2025-02-01
704,Eduardo Rodrigues 704,RJ,Rio de Janeiro,2025-11-01
705,Renata Oliveira 705,RJ,Rio de Janeiro,2023-05-08
706,Igor Pereira 706,PR,Curitiba,2024-08-20
707,Lucas Almeida 707,SC,Florianopolis,2024-10-30
708,Carlos Souza 708,RS,Porto Alegre,2024-04-23
709,Eduardo Santos 709,MG,Belo Horizonte,2023-08-12
710,Thiago Pereira 710,MG,Belo Horizonte,2025-07-09
711,Mariana Souza 711,SC,Florianopolis,2023-09-05
712,Thiago Costa 712,PE,Recife,2024-09-23
713,Fernanda Costa 713,RJ,Rio de Janeiro,2023-07-05
714,Lucas Oliveira 714,SP,Sao Paulo,2024-03-16
715,Mariana Rodrigues 715,RJ,Rio de Janeiro,2024-05-23
716,Igor Oliveira 716,SP,Sao Paulo,2024-09-04
717,Thiago Souza 717,SP,Sao Paulo,2025-04-08
718,Daniela Oliveira 718,RJ,Rio de Janeiro,2025-08-04
719,Bruno Souza 719,RJ,Rio de Janeiro,2023-01-25
720,Rafael Pereira 720,MG,Belo Horizonte,2024-02-10
721,Carlos Silva 721,RJ,Rio de Janeiro,2024-06-14
722,Thiago Oliveira 722,RJ,Rio de Janeiro,2024-02-09
723,Daniela Silva 723,RJ,Rio de Janeiro,2024-11-10
724,Fernanda Rodrigues 724,PE,Recife,2023-04-14
725,Ana Rodrigues 725,SC,Florianopolis,2025-10-13
726,Mariana Souza 726,SC,Florianopolis,2023-12-20
727,Igor Almeida 727,MG,Belo Horizonte,2024-07-17
728,Helena Costa 728,MG,Belo Horizonte,2023-03-12
729,Vanessa Silva 729,PE,Recife,2025-04-23
730,Rafael Oliveira 730,RJ,Rio de Janeiro,2024-07-26
731,Helena Silva 731,SC,Florianopolis,2024-02-13
732,Vanessa Almeida 732,SC,Florianopolis,2025-01-05
733,Lucas Rodrigues 733,BA,Salvador,2025-10-25
734,Ana Pereira 734,RS,Porto Alegre,2024-01-04
735,Igor Silva 735,PR,Curitiba,2023-03-02
736,Mariana Souza 736,PE,Recife,2025-12-20
737,Helena Souza 737,MG,Belo Horizonte,2023-07-25
738,Bruno Souza 738,RS,Porto Alegre,2025-12-28
739,Fernanda Oliveira 739,SC,Florianopolis,2024-12-27
740,Mariana Silva 740,PR,Curitiba,2024-10-13
741,Gabriel Almeida 741,BA,Salvador,2023-10-19
742,Vanessa Silva 742,RS,Porto Alegre,2023-12-26
743,Helena Souza 743,RJ,Rio de Janeiro,2023-04-26
744,Vanessa Silva 744,SP,Sao Paulo,2025-12-14
745,Eduardo Pereira 745,BA,Salvador,2024-02-17
746,Bruno Silva 746,MG,Belo Horizonte,2024-10-24
747,Daniela Pereira 747,MG,Belo Horizonte,2023-10-18
748,Rafael Santos 748,RJ,Rio de Janeiro,2025-02-04
749,Lucas Oliveira 749,BA,Salvador,2024-09-10
750,Vanessa Pereira 750,MG,Belo Horizonte,2025-06-13
751,Helena Oliveira 751,MG,Belo Horizonte,2024-12-31
752,Juliana Oliveira 752,SC,Florianopolis,2024-09-20
753,Rafael Silva 753,MG,Belo Horizonte,2023-01-04
754,Helena Santos 754,MG,Belo Horizonte,2024-10-13
755,Lucas Santos 755,PE,Recife,2023-10-16
756,Lucas Oliveira 756,PR,Curitiba,2024-12-11
757,Thiago Silva 757,RJ,Rio de Janeiro,2024-11-18
758,Helena Santos 758,RS,Porto Alegre,2024-03-05
759,Daniela Silva 759,BA,Salvador,2024-06-09
760,Thiago Rodrigues 760,SP,Sao Paulo,2025-03-01
761,Vanessa Rodrigues 761,MG,Belo Horizonte,2025-04-27
762,Daniela Almeida 762,BA,Salvador,2025-02-07
763,Thiago Santos 763,PR,Curitiba,2023-11-30
764,Ana Pereira 764,SP,Sao Paulo,2024-08-26
765,Carlos Pereira 765,RS,Porto Alegre,2023-08-03
766,Fernanda Santos 766,MG,Belo Horizonte,2025-02-07
767,Vanessa Silva 767,RJ,Rio de Janeiro,2024-11-23
768,Renata Oliveira 768,SC,Florianopolis,2023-12-04
769,Lucas Souza 769,SP,Sao Paulo,2023-07-27
770,Igor Costa 770,PR,Curitiba,2025-04-18
771,Daniela Silva 771,RS,Porto Alegre,2024-05-01
772,Eduardo Silva 772,SC,Florianopolis,2025-10-02
773,Renata Santos 773,BA,Salvador,2023-01-08
774,Gabriel Santos 774,RS,Porto Alegre,2025-09-10
775,Fernanda Costa 775,SP,Sao Paulo,2024-02-28
776,Daniela Costa 776,RJ,Rio de Janeiro,2025-08-27
777,Vanessa Costa 777,SC,Florianopolis,2025-08-22
778,Fernanda Pereira 778,RJ,Rio de Janeiro,2025-03-04
779,Fernanda Almeida 779,SC,Florianopolis,2025-01-26
780,Thiago Almeida 780,SP,Sao Paulo,2024-06-23
781,Igor Silva 781,RS,Porto Alegre,2024-04-08
782,Carlos Pereira 782,MG,Belo Horizonte,2023-07-18
783,Bruno Rodrigues 783,SC,Florianopolis,2024-04-10
784,Vanessa Souza 784,SC,Florianopolis,2026-01-01
785,Carlos Rodrigues 785,PE,Recife,2024-09-04
786,Eduardo Santos 786,SP,Sao Paulo,2025-10-25
787,Fernanda Souza 787,PE,Recife,2023-12-21
788,Bruno Rodrigues 788,PR,Curitiba,2023-09-16
789,Gabriel Oliveira 789,RJ,Rio de Janeiro,2025-06-10
790,Carlos Santos 790,RS,Porto Alegre,2024-10-16
791,Lucas Costa 791,SC,Florianopolis,2025-03-24
792,Renata Santos 792,PE,Recife,2023-01-26
793,Eduardo Santos 793,SC,Florianopolis,2023-11-03
794,Juliana Pereira 794,RJ,Rio de Janeiro,2023-07-26
795,Rafael Almeida 795,SC,Florianopolis,2024-06-24
796,Fernanda Costa 796,PE,Recife,2023-03-18
797,Rafael Silva 797,SC,Florianopolis,2023-10-22
798,Helena Silva 798,SC,Florianopolis,2024-11-09
799,Mariana Silva 799,PE,Recife,2024-07-04
800,Juliana Costa 800,BA,Salvador,2024-09-12
801,Helena Oliveira 801,PE,Recife,2023-07-21
802,Lucas Costa 802,RS,Porto Alegre,2025-06-26
803,Gabriel Almeida 803,SC,Florianopolis,2023-07-02
804,Vanessa Pereira 804,PR,Curitiba,2025-04-13
805,Fernanda Santos 805,SP,Sao Paulo,2025-11-21
806,Rafael Oliveira 806,RS,Porto Alegre,2025-11-03
807,Gabriel Souza 807,SP,Sao Paulo,2023-12-22
808,Bruno Almeida 808,SP,Sao Paulo,2024-05-25
809,Gabriel Costa 809,SP,Sao Paulo,2025-01-08
810,Rafael Santos 810,BA,Salvador,2025-08-08
811,Mariana Almeida 811,SP,Sao Paulo,2024-05-10
812,Vanessa Pereira 812,PE,Recife,2023-12-30
813,Igor Santos 813,BA,Salvador,2023-12-01
814,Rafael Silva 814,RS,Porto Alegre,2023-02-26
815,Helena Souza 815,MG,Belo Horizonte,2024-03-14
816,Renata Silva 816,PR,Curitiba,2024-07-05
817,Eduardo Oliveira 817,SP,Sao Paulo,2025-08-28
818,Igor Costa 818,SP,Sao Paulo,2024-04-03
819,Rafael Pereira 819,RS,Porto Alegre,2025-05-17
820,Gabriel Almeida 820,PE,Recife,2024-05-31
821,Rafael Santos 821,RS,Porto Alegre,2025-12-02
822,Mariana Costa 822,SP,Sao Paulo,2025-11-13
823,Vanessa Santos 823,RS,Porto Alegre,2023-08-10
824,Lucas Costa 824,BA,Salvador,2024-07-20
825,Gabriel Oliveira 825,RS,Porto Alegre,2024-09-03
826,Rafael Pereira 826,PR,Curitiba,2023-04-27
827,Vanessa Costa 827,MG,Belo Horizonte,2023-02-22
828,Rafael Rodrigues 828,RS,Porto Alegre,2025-05-07
829,Lucas Souza 829,SP,Sao Paulo,2024-01-24
830,Juliana Oliveira 830,PE,Recife,2025-01-04
831,Daniela Almeida 831,MG,Belo Horizonte,2024-08-24
832,Fernanda Pereira 832,MG,Belo Horizonte,2024-06-13
833,Mariana Souza 833,RJ,Rio de Janeiro,2024-03-31
834,Lucas Pereira 834,RS,Porto Alegre,2025-05-11
835,Thiago Santos 835,RS,Porto Alegre,2024-08-25
836,Carlos Almeida 836,PE,Recife,2023-04-20
837,Daniela Rodrigues 837,PR,Curitiba,2025-10-21
838,Bruno Oliveira 838,RS,Porto Alegre,2025-04-26
839,Lucas Rodrigues 839,MG,Belo Horizonte,2024-02-15
840,Lucas Oliveira 840,PE,Recife,2023-10-21
841,Lucas Oliveira 841,RJ,Rio de Janeiro,2025-09-25
842,Ana Almeida 842,BA,Salvador,2023-04-29
843,Fernanda Oliveira 843,RS,Porto Alegre,2024-03-04
844,Eduardo Rodrigues 844,PE,Recife,2023-06-30
845,Renata Almeida 845,SC,Florianopolis,2025-04-06
846,Bruno Souza 846,SC,Florianopolis,2023-01-10
847,Lucas Souza 847,BA,Salvador,2023-01-29
848,Helena Souza 848,SP,Sao Paulo,2023-01-09
849,Eduardo Santos 849,BA,Salvador,2024-10-01
850,Juliana Oliveira 850,SC,Florianopolis,2025-10-27
851,Juliana Costa 851,RJ,Rio de Janeiro,2023-04-04
852,Lucas Rodrigues 852,PE,Recife,2025-12-01
853,Vanessa Pereira 853,MG,Belo Horizonte,2024-12-02
854,Rafael Silva 854,PR,Curitiba,2023-12-04
855,Eduardo Souza 855,PR,Curitiba,2024-04-04
856,Fernanda Santos 856,SP,Sao Paulo,2025-10-30
857,Rafael Costa 857,BA,Salvador,2023-03-18
858,Daniela Silva 858,SP,Sao Paulo,2023-04-09
859,Renata Almeida 859,SP,Sao Paulo,2023-08-26
860,Igor Almeida 860,SC,Florianopolis,2023-09-11
861,Ana Costa 861,MG,Belo Horizonte,2024-02-25
862,Igor Oliveira 862,SC,Florianopolis,2023-07-26
863,Daniela Costa 863,SC,Florianopolis,2023-08-03
864,Vanessa Souza 864,RJ,Rio de Janeiro,2023-08-06
865,Gabriel Pereira 865,PR,Curitiba,2024-06-22
866,Fernanda Silva 866,SC,Florianopolis,2024-08-27
867,Vanessa Pereira 867,PE,Recife,2024-03-01
868,Ana Santos 868,PR,Curitiba,2023-01-06
869,Eduardo Santos 869,RJ,Rio de Janeiro,2025-10-08
870,Igor Souza 870,RJ,Rio de Janeiro,2023-07-27
871,Igor Almeida 871,PE,Recife,2024-08-29
872,Fernanda Silva 872,SP,Sao Paulo,2023-07-24
873,Lucas Rodrigues 873,RS,Porto Alegre,2025-01-07
874,Bruno Silva 874,RJ,Rio de Janeiro,2023-07-14
875,Lucas Pereira 875,MG,Belo Horizonte,2023-12-16
876,Carlos Pereira 876,PE,Recife,2024-07-03
877,Daniela Rodrigues 877,BA,Salvador,2024-01-10
878,Igor Rodrigues 878,SC,Florianopolis,2025-07-23
879,Fernanda Santos 879,PE,Recife,2025-05-13
880,Fernanda Santos 880,MG,Belo Horizonte,2023-05-01
881,Thiago Oliveira 881,SC,Florianopolis,2025-09-15
882,Ana Oliveira 882,SC,Florianopolis,2025-01-04
883,Daniela Rodrigues 883,PE,Recife,2025-09-26
884,Carlos Costa 884,PE,Recife,2023-04-05
885,Helena Pereira 885,BA,Salvador,2023-01-26
886,Helena Almeida 886,RJ,Rio de Janeiro,2025-06-05
887,Eduardo Silva 887,BA,Salvador,2025-02-27
888,Vanessa Almeida 888,SP,Sao Paulo,2023-11-18
889,Vanessa Pereira 889,MG,Belo Horizonte,2023-06-03
890,Igor Silva 890,PR,Curitiba,2024-11-08
891,Rafael Souza 891,PR,Curitiba,2025-02-14
892,Thiago Almeida 892,RJ,Rio de Janeiro,2025-07-29
893,Thiago Pereira 893,RJ,Rio de Janeiro,2025-10-17
894,Ana Santos 894,RJ,Rio de Janeiro,2025-10-15
895,Bruno Silva 895,SC,Florianopolis,2025-04-24
896,Gabriel Almeida 896,RJ,Rio de Janeiro,2024-09-15
897,Bruno Souza 897,BA,Salvador,2025-01-14
898,Vanessa Pereira 898,PE,Recife,2024-11-10
899,Daniela Souza 899,PE,Recife,2023-08-22
900,Mariana Costa 900,SP,Sao Paulo,2024-11-30
901,Bruno Oliveira 901,BA,Salvador,2023-08-06
902,Renata Santos 902,PE,Recife,2023-10-15
903,Gabriel Santos 903,RS,Porto Alegre,2024-02-06
904,Thiago Souza 904,SC,Florianopolis,2024-03-17
905,Renata Silva 905,BA,Salvador,2023-08-09
906,Thiago Oliveira 906,RJ,Rio de Janeiro,2025-07-11
907,Bruno Rodrigues 907,PE,Recife,2023-01-09
908,Fernanda Oliveira 908,PE,Recife,2025-11-07
909,Rafael Pereira 909,MG,Belo Horizonte,2023-08-01
910,Helena Costa 910,SC,Florianopolis,2025-05-07
911,Juliana Almeida 911,SC,Florianopolis,2024-12-03
912,Renata Costa 912,MG,Belo Horizonte,2023-10-10
913,Gabriel Souza 913,BA,Salvador,2024-03-21
914,Eduardo Oliveira 914,RS,Porto Alegre,2024-12-08
915,Mariana Almeida 915,BA,Salvador,2023-08-25
916,Juliana Rodrigues 916,SC,Florianopolis,2025-12-29
917,Daniela Silva 917,SP,Sao Paulo,2025-12-06
918,Bruno Silva 918,SC,Florianopolis,2023-10-25
919,Fernanda Costa 919,PR,Curitiba,2024-06-30
920,Bruno Costa 920,RS,Porto Alegre,2023-10-27
921,Mariana Almeida 921,PR,Curitiba,2023-03-08
922,Rafael Souza 922,RJ,Rio de Janeiro,2024-04-04
923,Rafael Rodrigues 923,RS,Porto Alegre,2023-04-07
924,Bruno Silva 924,SC,Florianopolis,2024-10-02
925,Thiago Souza 925,RS,Porto Alegre,2024-02-20
926,Gabriel Costa 926,BA,Salvador,2024-02-07
927,Carlos Oliveira 927,PE,Recife,2023-12-30
928,Daniela Rodrigues 928,MG,Belo Horizonte,2025-11-18
929,Igor Costa 929,SP,Sao Paulo,2025-05-27
930,Igor Silva 930,MG,Belo Horizonte,2023-11-26
931,Eduardo Silva 931,BA,Salvador,2025-08-13
932,Bruno Costa 932,MG,Belo Horizonte,2024-10-22
933,Carlos Pereira 933,PE,Recife,2025-01-03
934,Carlos Oliveira 934,PR,Curitiba,2024-01-12
935,Rafael Santos 935,SC,Florianopolis,2026-01-04
936,Gabriel Pereira 936,BA,Salvador,2024-03-29
937,Juliana Souza 937,BA,Salvador,2025-01-08
938,Daniela Pereira 938,PE,Recife,2023-01-19
939,Helena Silva 939,PE,Recife,2024-05-07
940,Daniela Rodrigues 940,BA,Salvador,2025-02-20
941,Ana Pereira 941,RS,Porto Alegre,2024-08-02
942,Bruno Costa 942,PE,Recife,2025-09-23
943,Carlos Santos 943,PR,Curitiba,2024-10-18
944,Ana Santos 944,MG,Belo Horizonte,2025-12-28
945,Renata Santos 945,PR,Curitiba,2024-03-12
946,Carlos Oliveira 946,PR,Curitiba,2025-06-10
947,Lucas Silva 947,SP,Sao Paulo,2025-07-29
948,Bruno Oliveira 948,RJ,Rio de Janeiro,2023-05-31
949,Helena Costa 949,RS,Porto Alegre,2023-05-25
950,Thiago Rodrigues 950,SC,Florianopolis,2025-03-05
951,Ana Rodrigues 951,SC,Florianopolis,2024-10-09
952,Ana Santos 952,RJ,Rio de Janeiro,2025-12-31
953,Mariana Santos 953,SP,Sao Paulo,2023-05-29
954,Carlos Costa 954,RS,Porto Alegre,2024-09-09
955,Rafael Silva 955,PE,Recife,2025-02-20
956,Helena Oliveira 956,PE,Recife,2023-11-17
957,Eduardo Costa 957,SC,Florianopolis,2024-08-27
958,Eduardo Santos 958,BA,Salvador,2023-01-23
959,Rafael Santos 959,SP,Sao Paulo,2023-01-11
960,Mariana Souza 960,RS,Porto Alegre,2024-03-06
961,Eduardo Oliveira 961,SC,Florianopolis,2025-11-15
962,Igor Souza 962,MG,Belo Horizonte,2024-03-28
963,Bruno Almeida 963,RJ,Rio de Janeiro,2024-01-07
964,Carlos Costa 964,RJ,Rio de Janeiro,2024-08-18
965,Vanessa Pereira 965,RJ,Rio de Janeiro,2024-02-09
966,Helena Santos 966,BA,Salvador,2023-09-20
967,Gabriel Pereira 967,RS,Porto Alegre,2023-05-23
968,Lucas Costa 968,PE,Recife,2025-07-11
969,Lucas Rodrigues 969,MG,Belo Horizonte,2025-01-16
970,Lucas Souza 970,MG,Belo Horizonte,2023-01-10
971,Igor Pereira 971,PR,Curitiba,2025-06-12
972,Vanessa Almeida 972,MG,Belo Horizonte,2024-11-10
973,Juliana Almeida 973,PE,Recife,2025-01-04
974,Carlos Costa 974,RJ,Rio de Janeiro,2023-12-26
975,Igor Santos 975,MG,Belo Horizonte,2024-02-07
976,Ana Rodrigues 976,RJ,Rio de Janeiro,2023-02-08
977,Igor Almeida 977,PR,Curitiba,2023-03-17
978,Rafael Souza 978,MG,Belo Horizonte,2025-01-19
979,Thiago Santos 979,RS,Porto Alegre,2023-10-02
980,Ana Souza 980,SC,Florianopolis,2025-01-15
981,Eduardo Almeida 981,MG,Belo Horizonte,2025-11-18
982,Eduardo Almeida 982,MG,Belo Horizonte,2024-01-02
983,Helena Almeida 983,BA,Salvador,2023-03-24
984,Igor Pereira 984,PR,Curitiba,2023-05-09
985,Gabriel Pereira 985,PR,Curitiba,2023-03-29
986,Thiago Silva 986,SC,Florianopolis,2025-08-19
987,Daniela Costa 987,SP,Sao Paulo,2024-10-25
988,Rafael Rodrigues 988,RS,Porto Alegre,2023-12-23
989,Igor Rodrigues 989,BA,Salvador,2023-06-09
990,Rafael Pereira 990,PR,Curitiba,2025-11-23
991,Vanessa Silva 991,BA,Salvador,2025-09-24
992,Fernanda Souza 992,MG,Belo Horizonte,2025-06-19
993,Igor Souza 993,RJ,Rio de Janeiro,2025-11-19
994,Fernanda Pereira 994,MG,Belo Horizonte,2024-01-18
995,Renata Pereira 995,RJ,Rio de Janeiro,2024-04-16
996,Vanessa Almeida 996,RJ,Rio de Janeiro,2025-09-13
997,Renata Silva 997,PR,Curitiba,2023-11-27
998,Eduardo Oliveira 998,PR,Curitiba,2023-03-30
999,Bruno Oliveira 999,MG,Belo Horizonte,2025-11-15
1000,Igor Oliveira 1000,SP,Sao Paulo,2023-12-07
1001,Juliana Santos 1001,SC,Florianopolis,2023-02-08
1002,Vanessa Almeida 1002,PR,Curitiba,2025-07-08
1003,Renata Oliveira 1003,MG,Belo Horizonte,2024-03-25
1004,Igor Oliveira 1004,MG,Belo Horizonte,2025-11-12
1005,Carlos Souza 1005,BA,Salvador,2025-07-17
1006,Eduardo Santos 1006,SC,Florianopolis,2025-02-28
1007,Renata Oliveira 1007,SP,Sao Paulo,2024-02-19
1008,Vanessa Silva 1008,RJ,Rio de Janeiro,2023-12-30
1009,Vanessa Oliveira 1009,RJ,Rio de Janeiro,2023-07-10
1010,Renata Pereira 1010,SP,Sao Paulo,2025-06-02
1011,Renata Souza 1011,SP,Sao Paulo,2025-12-21
1012,Mariana Santos 1012,PE,Recife,2025-02-19
1013,Igor Almeida 1013,SC,Florianopolis,2023-10-02
1014,Juliana Rodrigues 1014,PR,Curitiba,2023-06-21
1015,Ana Silva 1015,RS,Porto Alegre,2024-01-23
1016,Ana Rodrigues 1016,RJ,Rio de Janeiro,2025-11-30
1017,Renata Pereira 1017,PR,Curitiba,2024-10-08
1018,Renata Costa 1018,RJ,Rio de Janeiro,2023-11-13
1019,Renata Pereira 1019,RS,Porto Alegre,2026-01-02
1020,Gabriel Rodrigues 1020,RS,Porto Alegre,2025-03-24
1021,Mariana Almeida 1021,PE,Recife,2024-01-02
1022,Mariana Rodrigues 1022,RS,Porto Alegre,2024-09-20
1023,Helena Almeida 1023,MG,Belo Horizonte,2023-09-01
1024,Gabriel Rodrigues 1024,MG,Belo Horizonte,2023-07-25
1025,Fernanda Rodrigues 1025,BA,Salvador,2023-04-17
1026,Eduardo Almeida 1026,SP,Sao Paulo,2023-07-06
1027,Carlos Costa 1027,SC,Florianopolis,2023-06-30
1028,Carlos Silva 1028,PR,Curitiba,2025-01-29
1029,Juliana Silva 1029,SC,Florianopolis,2025-03-31
1030,Thiago Silva 1030,MG,Belo Horizonte,2025-10-09
1031,Juliana Souza 1031,PR,Curitiba,2025-11-27
1032,Helena Oliveira 1032,SP,Sao Paulo,2025-11-11
1033,Helena Silva 1033,SP,Sao Paulo,2025-01-06
1034,Igor Rodrigues 1034,MG,Belo Horizonte,2023-06-27
1035,Rafael Souza 1035,BA,Salvador,2025-03-20
1036,Carlos Costa 1036,SP,Sao Paulo,2023-05-21
1037,Igor Souza 1037,BA,Salvador,2024-12-12
1038,Rafael Silva 1038,PR,Curitiba,2025-07-20
1039,Renata Santos 1039,RS,Porto Alegre,2023-12-25
1040,Juliana Pereira 1040,RJ,Rio de Janeiro,2025-10-27
1041,Igor Costa 1041,RJ,Rio de Janeiro,2025-11-17
1042,Vanessa Souza 1042,PE,Recife,2025-02-11
1043,Thiago Silva 1043,BA,Salvador,2025-07-28
1044,Igor Santos 1044,PE,Recife,2023-08-27
1045,Helena Pereira 1045,SC,Florianopolis,2024-03-27
1046,Ana Costa 1046,SC,Florianopolis,2024-12-24
1047,Carlos Rodrigues 1047,PR,Curitiba,2024-08-11
1048,Fernanda Almeida 1048,BA,Salvador,2023-06-05
1049,Gabriel Costa 1049,BA,Salvador,2024-12-25
1050,Vanessa Souza 1050,MG,Belo Horizonte,2024-01-25
1051,Igor Souza 1051,PR,Curitiba,2024-05-10
1052,Helena Pereira 1052,PR,Curitiba,2024-02-20
1053,Daniela Santos 1053,MG,Belo Horizonte,2023-08-07
1054,Bruno Almeida 1054,PE,Recife,2023-01-14
1055,Vanessa Costa 1055,BA,Salvador,2024-10-07
1056,Igor Rodrigues 1056,PE,Recife,2024-01-10
1057,Bruno Rodrigues 1057,PR,Curitiba,2023-09-20
1058,Mariana Rodrigues 1058,PE,Recife,2023-03-08
1059,Daniela Almeida 1059,MG,Belo Horizonte,2025-07-25
1060,Ana Souza 1060,BA,Salvador,2023-01-18
1061,Lucas Pereira 1061,SC,Florianopolis,2023-07-26
1062,Igor Souza 1062,RS,Porto Alegre,2024-01-19
1063,Lucas Pereira 1063,RS,Porto Alegre,2025-08-23
1064,Renata Souza 1064,MG,Belo Horizonte,2025-10-18
1065,Mariana Rodrigues 1065,SC,Florianopolis,2025-02-01
1066,Fernanda Oliveira 1066,RS,Porto Alegre,2025-07-12
1067,Igor Souza 1067,PR,Curitiba,2023-07-24
1068,Gabriel Oliveira 1068,SC,Florianopolis,2025-02-19
1069,Ana Oliveira 1069,MG,Belo Horizonte,2025-08-26
1070,Eduardo Pereira 1070,SC,Florianopolis,2025-10-20
1071,Igor Silva 1071,PE,Recife,2024-09-06
1072,Fernanda Silva 1072,SC,Florianopolis,2023-07-22
1073,Vanessa Santos 1073,PR,Curitiba,2024-06-04
1074,Igor Pereira 1074,PE,Recife,2024-11-16
1075,Mariana Silva 1075,BA,Salvador,2024-06-11
1076,Mariana Souza 1076,SC,Florianopolis,2023-09-06
1077,Mariana Pereira 1077,MG,Belo Horizonte,2024-08-05
1078,Carlos Rodrigues 1078,PE,Recife,2025-07-04
1079,Eduardo Oliveira 1079,RS,Porto Alegre,2025-08-07
1080,Rafael Santos 1080,BA,Salvador,2025-05-13
1081,Lucas Souza 1081,RJ,Rio de Janeiro,2023-11-28
1082,Juliana Costa 1082,BA,Salvador,2024-10-10
1083,Thiago Pereira 1083,SC,Florianopolis,2024-07-09
1084,Fernanda Oliveira 1084,PE,Recife,2025-04-27
1085,Helena Costa 1085,SP,Sao Paulo,2023-09-14
1086,Fernanda Rodrigues 1086,RJ,Rio de Janeiro,2024-03-07
1087,Carlos Almeida 1087,RJ,Rio de Janeiro,2023-07-15
1088,Rafael Santos 1088,SP,Sao Paulo,2023-02-23
1089,Eduardo Santos 1089,RJ,Rio de Janeiro,2024-06-21
1090,Helena Souza 1090,SC,Florianopolis,2024-09-25
1091,Eduardo Oliveira 1091,RS,Porto Alegre,2025-06-26
1092,Bruno Pereira 1092,MG,Belo Horizonte,2023-02-28
1093,Thiago Costa 1093,BA,Salvador,2025-09-02
1094,Fernanda Almeida 1094,PE,Recife,2023-10-04
1095,Juliana Pereira 1095,SC,Florianopolis,2025-12-08
1096,Carlos Almeida 1096,PE,Recife,2024-04-10
1097,Renata Costa 1097,RS,Porto Alegre,2025-01-19
1098,Ana Silva 1098,MG,Belo Horizonte,2024-09-13
1099,Juliana Almeida 1099,MG,Belo Horizonte,2024-12-05
1100,Vanessa Costa 1100,SP,Sao Paulo,2025-10-04
1101,Juliana Souza 1101,SP,Sao Paulo,2025-05-31
1102,Gabriel Rodrigues 1102,SP,Sao Paulo,2025-02-04
1103,Helena Oliveira 1103,SC,Florianopolis,2025-03-19
1104,Helena Costa 1104,SC,Florianopolis,2025-02-13
1105,Helena Costa 1105,RJ,Rio de Janeiro,2025-05-14
1106,Igor Rodrigues 1106,RS,Porto Alegre,2025-12-25
1107,Fernanda Oliveira 1107,PR,Curitiba,2023-05-21
1108,Thiago Almeida 1108,RS,Porto Alegre,2023-08-15
1109,Gabriel Pereira 1109,RS,Porto Alegre,2025-10-04
1110,Bruno Silva 1110,SP,Sao Paulo,2023-11-08
1111,Juliana Costa 1111,MG,Belo Horizonte,2023-07-29
1112,Ana Souza 1112,MG,Belo Horizonte,2025-06-16
1113,Ana Almeida 1113,RJ,Rio de Janeiro,2023-11-05
1114,Renata Costa 1114,PR,Curitiba,2024-12-01
1115,Thiago Silva 1115,PE,Recife,2025-01-30
1116,Eduardo Silva 1116,BA,Salvador,2023-06-14
1117,Carlos Almeida 1117,RS,Porto Alegre,2025-03-14
1118,Igor Rodrigues 1118,MG,Belo Horizonte,2024-01-29
1119,Helena Rodrigues 1119,SP,Sao Paulo,2023-09-07
1120,Bruno Souza 1120,PE,Recife,2024-05-21
1121,Gabriel Almeida 1121,PE,Recife,2023-07-12
1122,Lucas Oliveira 1122,SC,Florianopolis,2024-10-01
1123,Daniela Costa 1123,SP,Sao Paulo,2025-12-02
1124,Gabriel Pereira 1124,PE,Recife,2024-09-03
1125,Daniela Souza 1125,SP,Sao Paulo,2024-03-22
1126,Ana Oliveira 1126,SC,Florianopolis,2024-10-26
1127,Rafael Souza 1127,RS,Porto Alegre,2023-09-03
1128,Vanessa Oliveira 1128,SP,Sao Paulo,2023-03-28
1129,Helena Oliveira 1129,BA,Salvador,2023-07-03
1130,Lucas Silva 1130,PE,Recife,2023-07-07
1131,Eduardo Santos 1131,SP,Sao Paulo,2024-12-29
1132,Helena Pereira 1132,MG,Belo Horizonte,2025-09-26
1133,Gabriel Silva 1133,BA,Salvador,2025-06-17
1134,Eduardo Costa 1134,SC,Florianopolis,2025-01-03
1135,Thiago Costa 1135,SP,Sao Paulo,2025-09-20
1136,Fernanda Pereira 1136,PE,Recife,2024-01-24
1137,Igor Oliveira 1137,BA,Salvador,2025-08-17
1138,Eduardo Almeida 1138,RJ,Rio de Janeiro,2025-12-23
1139,Mariana Almeida 1139,RS,Porto Alegre,2024-06-23
1140,Rafael Oliveira 1140,SP,Sao Paulo,2025-11-02
1141,Helena Pereira 1141,SP,Sao Paulo,2025-01-15
1142,Gabriel Almeida 1142,RJ,Rio de Janeiro,2025-03-04
1143,Lucas Rodrigues 1143,MG,Belo Horizonte,2024-08-02
1144,Daniela Santos 1144,BA,Salvador,2023-08-15
1145,Fernanda Silva 1145,SP,Sao Paulo,2023-09-23
1146,Vanessa Souza 1146,PR,Curitiba,2023-08-08
1147,Rafael Almeida 1147,RJ,Rio de Janeiro,2023-03-07
1148,Mariana Souza 1148,RS,Porto Alegre,2023-04-11
1149,Gabriel Almeida 1149,RJ,Rio de Janeiro,2023-01-27
1150,Bruno Pereira 1150,RJ,Rio de Janeiro,2025-08-16
1151,Bruno Costa 1151,SC,Florianopolis,2025-01-25
1152,Juliana Santos 1152,SP,Sao Paulo,2023-05-25
1153,Daniela Santos 1153,PR,Curitiba,2025-11-29
1154,Rafael Souza 1154,PR,Curitiba,2025-12-24
1155,Helena Oliveira 1155,PR,Curitiba,2025-12-13
1156,Mariana Almeida 1156,SC,Florianopolis,2023-08-05
1157,Fernanda Oliveira 1157,SC,Florianopolis,2023-08-02
1158,Lucas Oliveira 1158,SC,Florianopolis,2025-10-30
1159,Lucas Pereira 1159,PE,Recife,2024-12-22
1160,Renata Pereira 1160,BA,Salvador,2025-04-24
1161,Rafael Costa 1161,PR,Curitiba,2024-03-14
1162,Thiago Rodrigues 1162,BA,Salvador,2025-07-15
1163,Juliana Silva 1163,SP,Sao Paulo,2023-03-12
1164,Ana Costa 1164,MG,Belo Horizonte,2024-09-10
1165,Lucas Silva 1165,PR,Curitiba,2024-03-15
1166,Eduardo Santos 1166,RS,Porto Alegre,2025-11-13
1167,Mariana Oliveira 1167,SP,Sao Paulo,2025-07-31
1168,Mariana Souza 1168,MG,Belo Horizonte,2024-06-26
1169,Juliana Santos 1169,PR,Curitiba,2024-06-08
1170,Carlos Pereira 1170,SC,Florianopolis,2024-03-21
1171,Vanessa Santos 1171,PE,Recife,2023-12-21
1172,Rafael Santos 1172,RS,Porto Alegre,2023-03-18
1173,Mariana Rodrigues 1173,SP,Sao Paulo,2024-11-15
1174,Helena Silva 1174,SC,Florianopolis,2023-09-04
1175,Juliana Silva 1175,SC,Florianopolis,2023-04-21
1176,Lucas Souza 1176,BA,Salvador,2023-11-03
1177,Rafael Almeida 1177,MG,Belo Horizonte,2023-04-14
1178,Renata Costa 1178,RJ,Rio de Janeiro,2024-03-30
1179,Eduardo Pereira 1179,SC,Florianopolis,2023-10-31
1180,Bruno Rodrigues 1180,RJ,Rio de Janeiro,2025-09-01
1181,Rafael Rodrigues 1181,RS,Porto Alegre,2023-06-24
1182,Vanessa Souza 1182,MG,Belo Horizonte,2023-10-04
1183,Gabriel Souza 1183,PE,Recife,2025-03-20
1184,Igor Rodrigues 1184,PR,Curitiba,2023-05-27
1185,Daniela Rodrigues 1185,BA,Salvador,2023-07-03
1186,Mariana Souza 1186,SC,Florianopolis,2025-01-18
1187,Ana Costa 1187,BA,Salvador,2024-12-06
1188,Thiago Oliveira 1188,MG,Belo Horizonte,2024-12-17
1189,Helena Souza 1189,PE,Recife,2023-04-02
1190,Carlos Santos 1190,BA,Salvador,2023-11-16
1191,Eduardo Costa 1191,SP,Sao Paulo,2024-05-12
1192,Daniela Costa 1192,SP,Sao Paulo,2024-12-04
1193,Ana Pereira 1193,PE,Recife,2025-08-22
1194,Gabriel Costa 1194,PR,Curitiba,2024-03-09
1195,Ana Rodrigues 1195,PE,Recife,2023-10-17
1196,Fernanda Silva 1196,SP,Sao Paulo,2024-06-07
1197,Igor Silva 1197,RS,Porto Alegre,2024-02-16
1198,Carlos Rodrigues 1198,PE,Recife,2023-01-18
1199,Daniela Silva 1199,RS,Porto Alegre,2025-01-07
1200,Helena Rodrigues 1200,RS,Porto Alegre,2025-03-02
1201,Vanessa Santos 1201,RJ,Rio de Janeiro,2024-10-08
1202,Thiago Silva 1202,MG,Belo Horizonte,2024-02-12
1203,Juliana Pereira 1203,SP,Sao Paulo,2024-05-21
1204,Fernanda Silva 1204,PE,Recife,2025-03-16
1205,Mariana Costa 1205,BA,Salvador,2024-12-21
1206,Igor Silva 1206,PR,Curitiba,2025-10-23
1207,Ana Costa 1207,RS,Porto Alegre,2025-03-03
1208,Lucas Rodrigues 1208,PR,Curitiba,2023-11-07
1209,Rafael Souza 1209,MG,Belo Horizonte,2023-06-29
1210,Eduardo Rodrigues 1210,SC,Florianopolis,2024-05-07
1211,Thiago Oliveira 1211,RS,Porto Alegre,2024-11-05
1212,Gabriel Oliveira 1212,PR,Curitiba,2023-10-11
1213,Eduardo Rodrigues 1213,RS,Porto Alegre,2025-12-08
1214,Lucas Santos 1214,MG,Belo Horizonte,2023-11-20
1215,Lucas Oliveira 1215,RJ,Rio de Janeiro,2024-01-13
1216,Renata Rodrigues 1216,SP,Sao Paulo,2024-10-14
1217,Igor Oliveira 1217,RS,Porto Alegre,2025-06-26
1218,Eduardo Oliveira 1218,PR,Curitiba,2023-08-07
1219,Helena Souza 1219,SP,Sao Paulo,2024-06-30
1220,Mariana Santos 1220,PR,Curitiba,2023-02-23
1221,Vanessa Pereira 1221,PE,Recife,2023-10-02
1222,Vanessa Almeida 1222,MG,Belo Horizonte,2025-03-04
1223,Gabriel Souza 1223,MG,Belo Horizonte,2023-12-02
1224,Ana Costa 1224,SP,Sao Paulo,2025-04-16
1225,Gabriel Souza 1225,SC,Florianopolis,2024-03-31
1226,Thiago Almeida 1226,RJ,Rio de Janeiro,2023-12-29
1227,Helena Rodrigues 1227,BA,Salvador,2025-07-26
1228,Rafael Pereira 1228,SC,Florianopolis,2023-03-27
1229,Bruno Santos 1229,SC,Florianopolis,2026-01-03
1230,Bruno Souza 1230,PE,Recife,2025-07-24
1231,Rafael Silva 1231,SC,Florianopolis,2023-03-22
1232,Thiago Rodrigues 1232,PR,Curitiba,2024-08-19
1233,Thiago Oliveira 1233,RS,Porto Alegre,2024-08-08
1234,Bruno Oliveira 1234,SC,Florianopolis,2024-08-25
1235,Carlos Santos 1235,PE,Recife,2025-07-14
1236,Rafael Rodrigues 1236,MG,Belo Horizonte,2023-10-05
1237,Ana Oliveira 1237,BA,Salvador,2025-07-12
1238,Thiago Santos 1238,PE,Recife,2024-02-18
1239,Fernanda Santos 1239,RS,Porto Alegre,2024-10-25
1240,Thiago Pereira 1240,RJ,Rio de Janeiro,2023-08-22
1241,Rafael Oliveira 1241,RJ,Rio de Janeiro,2025-12-08
1242,Bruno Oliveira 1242,SC,Florianopolis,2025-02-18
1243,Fernanda Oliveira 1243,BA,Salvador,2023-11-04
1244,Renata Costa 1244,MG,Belo Horizonte,2023-04-16
1245,Juliana Oliveira 1245,RS,Porto Alegre,2025-07-02
1246,Gabriel Silva 1246,RJ,Rio de Janeiro,2023-09-27
1247,Thiago Almeida 1247,RS,Porto Alegre,2023-01-26
1248,Vanessa Souza 1248,PE,Recife,2023-01-12
1249,Thiago Rodrigues 1249,PR,Curitiba,2025-09-01
1250,Ana Souza 1250,PE,Recife,2023-06-12
1251,Bruno Oliveira 1251,RS,Porto Alegre,2024-03-01
1252,Mariana Silva 1252,MG,Belo Horizonte,2023-04-23
1253,Juliana Pereira 1253,MG,Belo Horizonte,2023-03-08
1254,Daniela Rodrigues 1254,RJ,Rio de Janeiro,2023-04-11
1255,Juliana Oliveira 1255,MG,Belo Horizonte,2023-11-27
1256,Bruno Santos 1256,PE,Recife,2025-01-07
1257,Mariana Rodrigues 1257,RS,Porto Alegre,2024-10-23
1258,Carlos Costa 1258,RJ,Rio de Janeiro,2025-05-25
1259,Daniela Costa 1259,PE,Recife,2023-10-03
1260,Renata Souza 1260,BA,Salvador,2025-12-15
1261,Daniela Santos 1261,PR,Curitiba,2023-04-30
1262,Renata Pereira 1262,PE,Recife,2024-08-11
1263,Mariana Oliveira 1263,RS,Porto Alegre,2025-12-12
1264,Vanessa Almeida 1264,PE,Recife,2025-11-30
1265,Juliana Souza 1265,MG,Belo Horizonte,2024-04-21
1266,Ana Almeida 1266,SP,Sao Paulo,2023-08-31
1267,Renata Rodrigues 1267,RJ,Rio de Janeiro,2024-02-29
1268,Mariana Souza 1268,SP,Sao Paulo,2024-11-14
1269,Juliana Costa 1269,SP,Sao Paulo,2024-02-17
1270,Juliana Pereira 1270,RJ,Rio de Janeiro,2024-09-22
1271,Lucas Pereira 1271,SP,Sao Paulo,2023-08-22
1272,Fernanda Souza 1272,SC,Florianopolis,2023-03-01
1273,Vanessa Almeida 1273,BA,Salvador,2024-11-23
1274,Vanessa Oliveira 1274,SP,Sao Paulo,2023-10-06
1275,Lucas Almeida 1275,PE,Recife,2026-01-04
1276,Juliana Pereira 1276,SC,Florianopolis,2023-04-25
1277,Lucas Pereira 1277,SP,Sao Paulo,2024-03-02
1278,Igor Silva 1278,RJ,Rio de Janeiro,2023-11-02
1279,Fernanda Rodrigues 1279,BA,Salvador,2025-02-07
1280,Juliana Pereira 1280,MG,Belo Horizonte,2023-08-28
1281,Renata Santos 1281,SP,Sao Paulo,2024-07-10
1282,Mariana Almeida 1282,PE,Recife,2024-05-01
1283,Juliana Oliveira 1283,RS,Porto Alegre,2024-03-18
1284,Bruno Souza 1284,RJ,Rio de Janeiro,2025-02-05
1285,Ana Almeida 1285,RJ,Rio de Janeiro,2025-06-27
1286,Lucas Almeida 1286,MG,Belo Horizonte,2024-01-25
1287,Eduardo Santos 1287,RS,Porto Alegre,2024-11-01
1288,Bruno Almeida 1288,MG,Belo Horizonte,2024-02-25
1289,Daniela Silva 1289,SC,Florianopolis,2025-12-05
1290,Carlos Pereira 1290,RS,Porto Alegre,2023-04-01
1291,Daniela Costa 1291,PE,Recife,2023-04-05
1292,Gabriel Pereira 1292,SP,Sao Paulo,2024-10-01
1293,Juliana Costa 1293,PR,Curitiba,2024-01-30
1294,Daniela Costa 1294,BA,Salvador,2025-06-22
1295,Igor Santos 1295,MG,Belo Horizonte,2023-11-19
1296,Daniela Souza 1296,SP,Sao Paulo,2025-11-18
1297,Igor Oliveira 1297,BA,Salvador,2024-10-14
1298,Fernanda Santos 1298,RS,Porto Alegre,2024-05-16
1299,Thiago Silva 1299,RS,Porto Alegre,2024-11-24
1300,Vanessa Silva 1300,MG,Belo Horizonte,2023-03-01
1301,Bruno Santos 1301,RJ,Rio de Janeiro,2025-02-24
1302,Fernanda Almeida 1302,SC,Florianopolis,2025-03-13
1303,Lucas Souza 1303,BA,Salvador,2024-10-01
1304,Eduardo Santos 1304,RJ,Rio de Janeiro,2025-08-11
1305,Thiago Costa 1305,PE,Recife,2023-07-19
1306,Helena Souza 1306,PE,Recife,2025-08-21
1307,Mariana Rodrigues 1307,MG,Belo Horizonte,2024-06-12
1308,Lucas Almeida 1308,MG,Belo Horizonte,2024-11-07
1309,Carlos Almeida 1309,PE,Recife,2023-03-03
1310,Vanessa Almeida 1310,RJ,Rio de Janeiro,2024-12-20
1311,Mariana Oliveira 1311,MG,Belo Horizonte,2024-08-01
1312,Daniela Pereira 1312,RJ,Rio de Janeiro,2025-04-10
1313,Thiago Rodrigues 1313,RJ,Rio de Janeiro,2024-09-10
1314,Helena Oliveira 1314,SC,Florianopolis,2024-05-03
1315,Carlos Pereira 1315,PE,Recife,2025-02-25
1316,Renata Pereira 1316,PR,Curitiba,2025-06-01
1317,Carlos Almeida 1317,PR,Curitiba,2023-12-21
1318,Lucas Santos 1318,RJ,Rio de Janeiro,2025-08-06
1319,Juliana Rodrigues 1319,PE,Recife,2023-12-27
1320,Rafael Pereira 1320,RJ,Rio de Janeiro,2023-08-11
1321,Carlos Souza 1321,PE,Recife,2023-05-06
1322,Eduardo Oliveira 1322,MG,Belo Horizonte,2023-01-01
1323,Juliana Rodrigues 1323,PE,Recife,2025-12-24
1324,Gabriel Pereira 1324,PE,Recife,2024-02-05
1325,Renata Pereira 1325,RS,Porto Alegre,2024-09-15
1326,Rafael Oliveira 1326,RJ,Rio de Janeiro,2023-01-17
1327,Mariana Silva 1327,RS,Porto Alegre,2023-05-08
1328,Daniela Costa 1328,SP,Sao Paulo,2025-01-05
1329,Renata Rodrigues 1329,SP,Sao Paulo,2024-04-26
1330,Rafael Rodrigues 1330,BA,Salvador,2025-02-22
1331,Fernanda Almeida 1331,SC,Florianopolis,2024-03-08
1332,Rafael Pereira 1332,MG,Belo Horizonte,2024-01-21
1333,Juliana Oliveira 1333,SC,Florianopolis,2023-11-12
1334,Carlos Silva 1334,MG,Belo Horizonte,2023-01-24
1335,Renata Oliveira 1335,MG,Belo Horizonte,2025-09-23
1336,Renata Almeida 1336,RJ,Rio de Janeiro,2023-10-09
1337,Thiago Rodrigues 1337,SC,Florianopolis,2024-01-04
1338,Mariana Souza 1338,PE,Recife,2025-02-26
1339,Ana Almeida 1339,MG,Belo Horizonte,2025-05-19
1340,Igor Rodrigues 1340,PR,Curitiba,2025-10-24
1341,Bruno Almeida 1341,BA,Salvador,2023-03-10
1342,Vanessa Santos 1342,BA,Salvador,2023-08-20
1343,Igor Almeida 1343,MG,Belo Horizonte,2025-12-14
1344,Carlos Souza 1344,RJ,Rio de Janeiro,2025-12-07
1345,Juliana Silva 1345,PE,Recife,2023-06-09
1346,Ana Almeida 1346,BA,Salvador,2025-12-31
1347,Vanessa Pereira 1347,PE,Recife,2025-11-15
1348,Juliana Costa 1348,SC,Florianopolis,2024-12-23
1349,Juliana Costa 1349,MG,Belo Horizonte,2023-03-14
1350,Fernanda Silva 1350,SP,Sao Paulo,2025-08-27
1351,Juliana Almeida 1351,RS,Porto Alegre,2023-02-25
1352,Carlos Costa 1352,RJ,Rio de Janeiro,2023-09-17
1353,Igor Costa 1353,RS,Porto Alegre,2023-09-29
1354,Daniela Oliveira 1354,RS,Porto Alegre,2023-01-30
1355,Mariana Oliveira 1355,MG,Belo Horizonte,2025-07-03
1356,Vanessa Oliveira 1356,RS,Porto Alegre,2024-04-28
1357,Carlos Oliveira 1357,SP,Sao Paulo,2024-12-03
1358,Renata Rodrigues 1358,MG,Belo Horizonte,2025-10-12
1359,Fernanda Souza 1359,PR,Curitiba,2025-06-20
1360,Igor Santos 1360,BA,Salvador,2023-04-22
1361,Thiago Rodrigues 1361,SP,Sao Paulo,2023-12-10
1362,Vanessa Souza 1362,PE,Recife,2024-09-09
1363,Vanessa Costa 1363,SC,Florianopolis,2025-03-09
1364,Renata Silva 1364,MG,Belo Horizonte,2025-12-22
1365,Rafael Pereira 1365,RS,Porto Alegre,2025-07-08
1366,Mariana Rodrigues 1366,SP,Sao Paulo,2023-07-19
1367,Igor Costa 1367,RS,Porto Alegre,2024-11-17
1368,Rafael Almeida 1368,RJ,Rio de Janeiro,2024-06-06
1369,Lucas Oliveira 1369,PR,Curitiba,2024-02-04
1370,Ana Santos 1370,BA,Salvador,2023-01-22
1371,Daniela Santos 1371,SP,Sao Paulo,2025-04-22
1372,Helena Costa 1372,PE,Recife,2024-12-20
1373,Bruno Silva 1373,RS,Porto Alegre,2024-01-31
1374,Gabriel Santos 1374,RJ,Rio de Janeiro,2023-04-27
1375,Eduardo Rodrigues 1375,RJ,Rio de Janeiro,2023-06-26
1376,Fernanda Costa 1376,MG,Belo Horizonte,2023-08-16
1377,Carlos Almeida 1377,RS,Porto Alegre,2025-08-14
1378,Lucas Costa 1378,RS,Porto Alegre,2025-05-24
1379,Igor Silva 1379,MG,Belo Horizonte,2023-06-01
1380,Lucas Silva 1380,SC,Florianopolis,2025-03-06
1381,Fernanda Almeida 1381,RS,Porto Alegre,2024-06-26
1382,Gabriel Rodrigues 1382,RJ,Rio de Janeiro,2025-10-04
1383,Daniela Oliveira 1383,MG,Belo Horizonte,2025-10-04
1384,Daniela Almeida 1384,SC,Florianopolis,2024-03-23
1385,Bruno Santos 1385,RS,Porto Alegre,2023-07-31
1386,Thiago Silva 1386,RJ,Rio de Janeiro,2024-05-28
1387,Ana Silva 1387,PE,Recife,2023-11-01
1388,Eduardo Pereira 1388,SC,Florianopolis,2024-06-29
1389,Vanessa Almeida 1389,SC,Florianopolis,2023-01-08
1390,Carlos Souza 1390,SC,Florianopolis,2025-04-07
1391,Vanessa Santos 1391,SP,Sao Paulo,2025-02-26
1392,Juliana Rodrigues 1392,BA,Salvador,2024-11-13
1393,Mariana Pereira 1393,SP,Sao Paulo,2023-07-05
1394,Juliana Souza 1394,RJ,Rio de Janeiro,2025-07-30
1395,Rafael Souza 1395,MG,Belo Horizonte,2023-03-22
1396,Daniela Pereira 1396,RS,Porto Alegre,2025-03-09
1397,Thiago Souza 1397,PE,Recife,2023-06-23
1398,Gabriel Silva 1398,MG,Belo Horizonte,2023-03-15
1399,Rafael Santos 1399,PR,Curitiba,2025-09-28
1400,Thiago Silva 1400,RS,Porto Alegre,2025-10-20
1401,Bruno Pereira 1401,SP,Sao Paulo,2024-11-25
1402,Daniela Souza 1402,SP,Sao Paulo,2025-04-10
1403,Eduardo Souza 1403,PE,Recife,2026-01-03
1404,Eduardo Almeida 1404,RJ,Rio de Janeiro,2023-03-17
1405,Bruno Souza 1405,SP,Sao Paulo,2025-08-23
1406,Fernanda Silva 1406,MG,Belo Horizonte,2023-01-30
1407,Thiago Oliveira 1407,RS,Porto Alegre,2023-07-19
1408,Daniela Almeida 1408,RJ,Rio de Janeiro,2023-08-06
1409,Gabriel Rodrigues 1409,PR,Curitiba,2023-05-10
1410,Lucas Santos 1410,BA,Salvador,2025-04-03
1411,Gabriel Silva 1411,MG,Belo Horizonte,2024-10-20
1412,Carlos Santos 1412,MG,Belo Horizonte,2024-11-18
1413,Renata Oliveira 1413,RS,Porto Alegre,2023-10-17
1414,Thiago Souza 1414,BA,Salvador,2023-12-04
1415,Daniela Rodrigues 1415,SP,Sao Paulo,2023-10-01
1416,Vanessa Santos 1416,MG,Belo Horizonte,2023-02-02
1417,Fernanda Santos 1417,SP,Sao Paulo,2023-01-15
1418,Vanessa Oliveira 1418,RS,Porto Alegre,2025-05-02
1419,Igor Almeida 1419,PR,Curitiba,2023-10-21
1420,Fernanda Silva 1420,SC,Florianopolis,2024-05-04
1421,Carlos Costa 1421,MG,Belo Horizonte,2025-10-20
1422,Ana Souza 1422,BA,Salvador,2025-05-07
1423,Daniela Pereira 1423,PR,Curitiba,2023-08-29
1424,Gabriel Costa 1424,PR,Curitiba,2025-08-08
1425,Daniela Oliveira 1425,SP,Sao Paulo,2024-02-01
1426,Fernanda Oliveira 1426,PE,Recife,2025-10-15
1427,Mariana Costa 1427,SP,Sao Paulo,2023-04-21
1428,Igor Pereira 1428,PR,Curitiba,2025-06-09
1429,Daniela Silva 1429,PE,Recife,2023-03-30
1430,Ana Almeida 1430,MG,Belo Horizonte,2023-11-20
1431,Helena Almeida 1431,RJ,Rio de Janeiro,2023-05-26
1432,Gabriel Pereira 1432,BA,Salvador,2025-05-08
1433,Lucas Souza 1433,PR,Curitiba,2023-08-14
1434,Renata Souza 1434,RJ,Rio de Janeiro,2024-04-30
1435,Carlos Almeida 1435,SC,Florianopolis,2024-03-27
1436,Renata Oliveira 1436,PE,Recife,2023-04-22
1437,Fernanda Rodrigues 1437,PR,Curitiba,2025-07-20
1438,Thiago Souza 1438,BA,Salvador,2023-10-07
1439,Gabriel Pereira 1439,BA,Salvador,2024-07-06
1440,Bruno Costa 1440,MG,Belo Horizonte,2023-03-07
1441,Thiago Almeida 1441,MG,Belo Horizonte,2023-08-16
1442,Lucas Souza 1442,SC,Florianopolis,2023-12-17
1443,Fernanda Souza 1443,RS,Porto Alegre,2023-11-18
1444,Vanessa Souza 1444,RJ,Rio de Janeiro,2025-04-23
1445,Igor Silva 1445,PE,Recife,2025-08-05
1446,Helena Pereira 1446,SC,Florianopolis,2024-05-20
1447,Eduardo Silva 1447,SC,Florianopolis,2024-03-31
1448,Bruno Almeida 1448,SC,Florianopolis,2023-04-01
1449,Rafael Almeida 1449,SP,Sao Paulo,2025-05-21
1450,Vanessa Souza 1450,RJ,Rio de Janeiro,2025-07-15
1451,Renata Souza 1451,RJ,Rio de Janeiro,2023-01-26
1452,Juliana Souza 1452,MG,Belo Horizonte,2025-01-04
1453,Vanessa Costa 1453,RJ,Rio de Janeiro,2023-02-02
1454,Ana Almeida 1454,MG,Belo Horizonte,2025-07-29
1455,Rafael Oliveira 1455,PE,Recife,2023-10-11
1456,Ana Santos 1456,BA,Salvador,2025-08-08
1457,Bruno Costa 1457,SC,Florianopolis,2024-11-12
1458,Gabriel Santos 1458,SC,Florianopolis,2024-07-06
1459,Mariana Silva 1459,BA,Salvador,2023-04-23
1460,Mariana Almeida 1460,RJ,Rio de Janeiro,2025-02-23
1461,Mariana Oliveira 1461,SP,Sao Paulo,2025-01-18
1462,Eduardo Pereira 1462,RJ,Rio de Janeiro,2024-02-24
1463,Vanessa Souza 1463,PR,Curitiba,2023-08-21
1464,Mariana Costa 1464,PR,Curitiba,2024-10-18
1465,Bruno Santos 1465,SC,Florianopolis,2024-07-21
1466,Thiago Almeida 1466,BA,Salvador,2024-12-08
1467,Juliana Almeida 1467,RJ,Rio de Janeiro,2025-08-20
1468,Gabriel Almeida 1468,BA,Salvador,2023-05-15
1469,Rafael Oliveira 1469,RJ,Rio de Janeiro,2023-06-14
1470,Daniela Oliveira 1470,RS,Porto Alegre,2023-06-07
1471,Eduardo Almeida 1471,RS,Porto Alegre,2023-08-18
1472,Ana Costa 1472,MG,Belo Horizonte,2024-02-23
1473,Vanessa Pereira 1473,SC,Florianopolis,2023-09-28
1474,Ana Costa 1474,SC,Florianopolis,2025-06-28
1475,Ana Souza 1475,PR,Curitiba,2023-05-09
1476,Lucas Pereira 1476,BA,Salvador,2025-04-23
1477,Thiago Almeida 1477,PE,Recife,2025-12-21
1478,Juliana Oliveira 1478,RS,Porto Alegre,2023-09-28
1479,Vanessa Pereira 1479,RS,Porto Alegre,2024-04-09
1480,Eduardo Pereira 1480,RS,Porto Alegre,2023-04-07
1481,Fernanda Oliveira 1481,RS,Porto Alegre,2025-07-22
1482,Fernanda Oliveira 1482,RS,Porto Alegre,2024-01-09
1483,Daniela Silva 1483,MG,Belo Horizonte,2024-05-02
1484,Thiago Costa 1484,BA,Salvador,2023-09-17
1485,Gabriel Silva 1485,BA,Salvador,2024-01-13
1486,Eduardo Pereira 1486,BA,Salvador,2024-12-05
1487,Juliana Santos 1487,PE,Recife,2023-11-29
1488,Vanessa Oliveira 1488,SP,Sao Paulo,2025-04-08
1489,Eduardo Silva 1489,PE,Recife,2024-10-17
1490,Vanessa Costa 1490,BA,Salvador,2024-08-28
1491,Lucas Santos 1491,MG,Belo Horizonte,2025-06-24
1492,Eduardo Santos 1492,PE,Recife,2023-03-24
1493,Rafael Souza 1493,RS,Porto Alegre,2023-02-20
1494,Carlos Pereira 1494,PE,Recife,2025-01-01
1495,Helena Costa 1495,SP,Sao Paulo,2024-02-04
1496,Carlos Almeida 1496,PR,Curitiba,2023-02-16
1497,Rafael Souza 1497,RJ,Rio de Janeiro,2025-11-14
1498,Bruno Pereira 1498,PE,Recife,2024-10-12
1499,Renata Pereira 1499,SC,Florianopolis,2023-10-30
1500,Ana Costa 1500,SC,Florianopolis,2025-02-02
1501,Juliana Almeida 1501,BA,Salvador,2024-12-20
1502,Thiago Rodrigues 1502,RJ,Rio de Janeiro,2024-03-17
1503,Fernanda Rodrigues 1503,PE,Recife,2024-08-14
1504,Carlos Oliveira 1504,SC,Florianopolis,2023-10-13
1505,Vanessa Pereira 1505,PR,Curitiba,2024-09-13
1506,Carlos Silva 1506,RJ,Rio de Janeiro,2025-02-08
1507,Renata Oliveira 1507,SC,Florianopolis,2024-07-13
1508,Gabriel Oliveira 1508,PE,Recife,2023-10-08
1509,Vanessa Silva 1509,SC,Florianopolis,2024-08-15
1510,Vanessa Almeida 1510,RS,Porto Alegre,2024-09-14
1511,Ana Oliveira 1511,PR,Curitiba,2023-02-24
1512,Vanessa Santos 1512,RS,Porto Alegre,2024-09-06
1513,Fernanda Almeida 1513,RS,Porto Alegre,2025-05-04
1514,Daniela Costa 1514,PR,Curitiba,2023-02-28
1515,Mariana Almeida 1515,PE,Recife,2023-05-17
1516,Vanessa Santos 1516,SC,Florianopolis,2024-06-12
1517,Ana Costa 1517,BA,Salvador,2025-11-15
1518,Eduardo Pereira 1518,MG,Belo Horizonte,2023-04-30
1519,Mariana Oliveira 1519,PE,Recife,2023-10-05
1520,Mariana Rodrigues 1520,SP,Sao Paulo,2024-07-12
1521,Juliana Costa 1521,BA,Salvador,2023-04-10
1522,Gabriel Oliveira 1522,RJ,Rio de Janeiro,2025-11-18
1523,Lucas Pereira 1523,RJ,Rio de Janeiro,2023-12-09
1524,Mariana Santos 1524,RS,Porto Alegre,2024-07-09
1525,Ana Oliveira 1525,BA,Salvador,2023-10-22
1526,Vanessa Rodrigues 1526,RS,Porto Alegre,2025-02-02
1527,Daniela Souza 1527,BA,Salvador,2023-11-30
1528,Helena Souza 1528,MG,Belo Horizonte,2025-10-27
1529,Thiago Santos 1529,RJ,Rio de Janeiro,2025-05-04
1530,Ana Almeida 1530,RJ,Rio de Janeiro,2023-09-26
1531,Mariana Oliveira 1531,BA,Salvador,2024-09-30
1532,Lucas Oliveira 1532,PE,Recife,2025-12-07
1533,Daniela Souza 1533,RS,Porto Alegre,2023-02-28
1534,Helena Costa 1534,MG,Belo Horizonte,2023-10-19
1535,Eduardo Santos 1535,MG,Belo Horizonte,2024-03-05
1536,Carlos Silva 1536,SC,Florianopolis,2023-08-17
1537,Bruno Souza 1537,PE,Recife,2025-06-02
1538,Bruno Almeida 1538,RJ,Rio de Janeiro,2023-03-09
1539,Bruno Santos 1539,RJ,Rio de Janeiro,2024-06-02
1540,Daniela Santos 1540,RS,Porto Alegre,2023-01-22
1541,Fernanda Pereira 1541,PR,Curitiba,2024-02-14
1542,Eduardo Costa 1542,SP,Sao Paulo,2023-07-05
1543,Fernanda Souza 1543,BA,Salvador,2024-12-22
1544,Ana Souza 1544,RJ,Rio de Janeiro,2023-07-22
1545,Fernanda Silva 1545,PR,Curitiba,2024-07-31
1546,Vanessa Pereira 1546,RJ,Rio de Janeiro,2024-03-14
1547,Daniela Oliveira 1547,MG,Belo Horizonte,2025-06-19
1548,Renata Souza 1548,BA,Salvador,2025-02-16
1549,Daniela Pereira 1549,PR,Curitiba,2025-04-14
1550,Daniela Oliveira 1550,RJ,Rio de Janeiro,2025-08-12
1551,Juliana Silva 1551,PE,Recife,2025-01-09
1552,Vanessa Santos 1552,RJ,Rio de Janeiro,2024-11-02
1553,Thiago Costa 1553,SC,Florianopolis,2024-08-03
1554,Renata Costa 1554,PE,Recife,2024-04-07
1555,Carlos Almeida 1555,SC,Florianopolis,2024-01-22
1556,Ana Almeida 1556,BA,Salvador,2024-01-03
1557,Thiago Santos 1557,RJ,Rio de Janeiro,2025-03-22
1558,Rafael Rodrigues 1558,RJ,Rio de Janeiro,2023-10-21
1559,Carlos Pereira 1559,RJ,Rio de Janeiro,2023-12-12
1560,Gabriel Rodrigues 1560,PR,Curitiba,2024-11-24
1561,Renata Almeida 1561,RJ,Rio de Janeiro,2024-04-21
1562,Rafael Pereira 1562,RS,Porto Alegre,2024-07-13
1563,Vanessa Costa 1563,PE,Recife,2025-04-08
1564,Daniela Santos 1564,MG,Belo Horizonte,2025-07-20
1565,Vanessa Souza 1565,RS,Porto Alegre,2025-09-29
1566,Daniela Silva 1566,MG,Belo Horizonte,2023-03-02
1567,Ana Oliveira 1567,RJ,Rio de Janeiro,2025-10-17
1568,Eduardo Costa 1568,SC,Florianopolis,2024-10-31
1569,Vanessa Almeida 1569,RJ,Rio de Janeiro,2023-06-06
1570,Vanessa Almeida 1570,PR,Curitiba,2024-08-24
1571,Ana Silva 1571,RS,Porto Alegre,2024-12-04
1572,Rafael Almeida 1572,SC,Florianopolis,2023-09-01
1573,Thiago Almeida 1573,BA,Salvador,2025-02-09
1574,Fernanda Costa 1574,SP,Sao Paulo,2023-03-09
1575,Renata Oliveira 1575,MG,Belo Horizonte,2025-10-03
1576,Vanessa Santos 1576,RS,Porto Alegre,2025-03-07
1577,Vanessa Oliveira 1577,PE,Recife,2025-08-20
1578,Igor Almeida 1578,SP,Sao Paulo,2025-03-12
1579,Juliana Pereira 1579,SC,Florianopolis,2024-12-23
1580,Bruno Oliveira 1580,SP,Sao Paulo,2023-02-27
1581,Ana Pereira 1581,BA,Salvador,2024-12-15
1582,Renata Pereira 1582,SC,Florianopolis,2023-07-19
1583,Mariana Silva 1583,BA,Salvador,2025-04-23
1584,Helena Costa 1584,PR,Curitiba,2024-05-22
1585,Juliana Santos 1585,RJ,Rio de Janeiro,2023-05-15
1586,Ana Pereira 1586,BA,Salvador,2023-12-14
1587,Renata Rodrigues 1587,SP,Sao Paulo,2025-08-01
1588,Vanessa Silva 1588,RS,Porto Alegre,2023-02-11
1589,Rafael Pereira 1589,BA,Salvador,2025-02-12
1590,Daniela Souza 1590,RJ,Rio de Janeiro,2025-09-27
1591,Lucas Oliveira 1591,BA,Salvador,2025-10-14
1592,Renata Souza 1592,RS,Porto Alegre,2025-01-14
1593,Gabriel Costa 1593,PE,Recife,2023-06-04
1594,Juliana Rodrigues 1594,RS,Porto Alegre,2023-04-08
1595,Daniela Pereira 1595,PR,Curitiba,2023-07-08
1596,Vanessa Rodrigues 1596,RS,Porto Alegre,2023-05-18
1597,Carlos Costa 1597,PR,Curitiba,2024-12-12
1598,Lucas Souza 1598,RS,Porto Alegre,2025-06-05
1599,Igor Almeida 1599,SC,Florianopolis,2025-04-03
1600,Fernanda Almeida 1600,MG,Belo Horizonte,2023-02-08
1601,Igor Rodrigues 1601,PR,Curitiba,2025-08-15
1602,Gabriel Pereira 1602,SP,Sao Paulo,2025-12-05
1603,Helena Oliveira 1603,PE,Recife,2023-10-30
1604,Renata Pereira 1604,RS,Porto Alegre,2025-06-10
1605,Renata Costa 1605,RJ,Rio de Janeiro,2024-02-21
1606,Igor Souza 1606,RS,Porto Alegre,2023-11-25
1607,Daniela Oliveira 1607,SC,Florianopolis,2024-05-03
1608,Helena Costa 1608,PR,Curitiba,2023-02-26
1609,Renata Rodrigues 1609,PE,Recife,2025-09-21
1610,Fernanda Costa 1610,SP,Sao Paulo,2024-02-18
1611,Igor Costa 1611,MG,Belo Horizonte,2023-03-01
1612,Vanessa Silva 1612,MG,Belo Horizonte,2023-03-28
1613,Lucas Costa 1613,SP,Sao Paulo,2023-06-21
1614,Mariana Santos 1614,RJ,Rio de Janeiro,2025-04-13
1615,Helena Santos 1615,SC,Florianopolis,2023-10-15
1616,Igor Almeida 1616,RJ,Rio de Janeiro,2025-12-04
1617,Daniela Pereira 1617,RJ,Rio de Janeiro,2024-05-02
1618,Helena Rodrigues 1618,BA,Salvador,2025-03-09
1619,Daniela Oliveira 1619,PR,Curitiba,2023-10-23
1620,Thiago Rodrigues 1620,PR,Curitiba,2024-07-16
1621,Vanessa Pereira 1621,RS,Porto Alegre,2023-04-25
1622,Renata Almeida 1622,RJ,Rio de Janeiro,2024-10-10
1623,Eduardo Pereira 1623,PR,Curitiba,2024-07-22
1624,Juliana Silva 1624,PE,Recife,2025-01-23
1625,Helena Costa 1625,SP,Sao Paulo,2023-04-22
1626,Mariana Santos 1626,SC,Florianopolis,2024-09-25
1627,Rafael Silva 1627,PR,Curitiba,2025-06-25
1628,Juliana Santos 1628,SC,Florianopolis,2024-06-07
1629,Gabriel Oliveira 1629,PR,Curitiba,2024-09-01
1630,Renata Silva 1630,PE,Recife,2024-10-11
1631,Vanessa Almeida 1631,RS,Porto Alegre,2023-06-14
1632,Renata Santos 1632,SC,Florianopolis,2024-11-12
1633,Carlos Pereira 1633,MG,Belo Horizonte,2024-06-18
1634,Thiago Silva 1634,SC,Florianopolis,2024-10-31
1635,Thiago Oliveira 1635,SP,Sao Paulo,2024-01-12
1636,Gabriel Costa 1636,SP,Sao Paulo,2025-03-31
1637,Daniela Oliveira 1637,BA,Salvador,2023-06-18
1638,Eduardo Rodrigues 1638,PR,Curitiba,2025-11-23
1639,Vanessa Oliveira 1639,BA,Salvador,2025-07-13
1640,Lucas Costa 1640,RS,Porto Alegre,2023-12-22
1641,Renata Pereira 1641,PR,Curitiba,2023-06-22
1642,Rafael Souza 1642,MG,Belo Horizonte,2025-03-16
1643,Helena Santos 1643,SP,Sao Paulo,2023-02-17
1644,Igor Oliveira 1644,PE,Recife,2024-02-11
1645,Renata Costa 1645,SP,Sao Paulo,2025-04-01
1646,Mariana Oliveira 1646,MG,Belo Horizonte,2023-07-02
1647,Renata Almeida 1647,RJ,Rio de Janeiro,2023-01-29
1648,Helena Souza 1648,PE,Recife,2023-08-31
1649,Juliana Almeida 1649,PR,Curitiba,2024-06-29
1650,Renata Souza 1650,SC,Florianopolis,2023-09-24
1651,Gabriel Rodrigues 1651,PR,Curitiba,2024-08-02
1652,Eduardo Silva 1652,MG,Belo Horizonte,2025-04-16
1653,Helena Almeida 1653,RS,Porto Alegre,2024-06-20
1654,Thiago Santos 1654,PR,Curitiba,2025-01-27
1655,Eduardo Pereira 1655,SP,Sao Paulo,2025-08-18
1656,Rafael Rodrigues 1656,SC,Florianopolis,2024-03-10
1657,Daniela Silva 1657,RS,Porto Alegre,2023-05-30
1658,Helena Almeida 1658,SP,Sao Paulo,2024-11-12
1659,Ana Costa 1659,BA,Salvador,2023-04-04
1660,Rafael Pereira 1660,SC,Florianopolis,2024-09-11
1661,Fernanda Costa 1661,MG,Belo Horizonte,2023-03-26
1662,Vanessa Pereira 1662,MG,Belo Horizonte,2025-10-28
1663,Carlos Pereira 1663,PE,Recife,2023-09-28
1664,Igor Santos 1664,SC,Florianopolis,2023-10-18
1665,Eduardo Almeida 1665,BA,Salvador,2023-04-01
1666,Renata Costa 1666,RS,Porto Alegre,2025-01-08
1667,Lucas Rodrigues 1667,RS,Porto Alegre,2024-06-24
1668,Vanessa Oliveira 1668,MG,Belo Horizonte,2024-10-08
1669,Gabriel Oliveira 1669,PE,Recife,2023-04-19
1670,Fernanda Silva 1670,SP,Sao Paulo,2024-04-15
1671,Fernanda Almeida 1671,PE,Recife,2024-06-16
1672,Vanessa Silva 1672,SC,Florianopolis,2023-08-26
1673,Vanessa Almeida 1673,PE,Recife,2024-12-31
1674,Eduardo Santos 1674,PE,Recife,2023-08-19
1675,Gabriel Costa 1675,BA,Salvador,2023-07-11
1676,Igor Souza 1676,MG,Belo Horizonte,2023-12-11
1677,Fernanda Rodrigues 1677,SP,Sao Paulo,2025-12-13
1678,Vanessa Santos 1678,RJ,Rio de Janeiro,2024-05-19
1679,Juliana Santos 1679,BA,Salvador,2023-02-23
1680,Daniela Pereira 1680,SC,Florianopolis,2025-02-04
1681,Carlos Almeida 1681,MG,Belo Horizonte,2023-03-01
1682,Igor Silva 1682,PE,Recife,2025-07-18
1683,Thiago Pereira 1683,BA,Salvador,2023-03-31
1684,Bruno Costa 1684,MG,Belo Horizonte,2024-03-08
1685,Carlos Rodrigues 1685,BA,Salvador,2023-04-24
1686,Igor Oliveira 1686,RJ,Rio de Janeiro,2025-03-27
1687,Carlos Silva 1687,PR,Curitiba,2025-03-27
1688,Rafael Rodrigues 1688,PR,Curitiba,2023-11-30
1689,Daniela Costa 1689,RS,Porto Alegre,2023-11-12
1690,Juliana Oliveira 1690,PE,Recife,2025-06-04
1691,Mariana Souza 1691,BA,Salvador,2023-07-16
1692,Rafael Almeida 1692,PE,Recife,2025-07-01
1693,Carlos Rodrigues 1693,RS,Porto Alegre,2025-05-16
1694,Renata Rodrigues 1694,BA,Salvador,2024-01-17
1695,Lucas Almeida 1695,RJ,Rio de Janeiro,2023-03-24
1696,Vanessa Santos 1696,PR,Curitiba,2023-11-14
1697,Renata Santos 1697,RS,Porto Alegre,2025-08-16
1698,Eduardo Oliveira 1698,PE,Recife,2024-09-07
1699,Renata Costa 1699,RS,Porto Alegre,2024-05-24
1700,Bruno Santos 1700,SP,Sao Paulo,2023-06-06
1701,Daniela Almeida 1701,SC,Florianopolis,2025-04-25
1702,Igor Santos 1702,RS,Porto Alegre,2024-12-28
1703,Thiago Oliveira 1703,SP,Sao Paulo,2023-08-22
1704,Bruno Santos 1704,MG,Belo Horizonte,2025-03-15
1705,Lucas Almeida 1705,SC,Florianopolis,2024-09-01
1706,Lucas Oliveira 1706,PE,Recife,2024-06-26
1707,Carlos Costa 1707,PR,Curitiba,2024-01-15
1708,Ana Silva 1708,RJ,Rio de Janeiro,2025-06-07
1709,Ana Oliveira 1709,SC,Florianopolis,2023-08-27
1710,Rafael Almeida 1710,PE,Recife,2025-07-31
1711,Rafael Costa 1711,RS,Porto Alegre,2025-01-08
1712,Eduardo Silva 1712,RJ,Rio de Janeiro,2023-09-14
1713,Ana Souza 1713,PR,Curitiba,2023-08-18
1714,Vanessa Oliveira 1714,SP,Sao Paulo,2024-03-04
1715,Gabriel Santos 1715,PR,Curitiba,2025-06-11
1716,Eduardo Almeida 1716,RS,Porto Alegre,2025-08-07
1717,Daniela Oliveira 1717,SC,Florianopolis,2023-02-14
1718,Vanessa Almeida 1718,MG,Belo Horizonte,2025-06-30
1719,Helena Souza 1719,SP,Sao Paulo,2025-07-09
1720,Bruno Pereira 1720,RS,Porto Alegre,2025-03-13
1721,Renata Rodrigues 1721,SP,Sao Paulo,2023-07-30
1722,Bruno Almeida 1722,PE,Recife,2024-08-18
1723,Vanessa Souza 1723,SC,Florianopolis,2025-09-22
1724,Ana Rodrigues 1724,SP,Sao Paulo,2025-12-17
1725,Igor Rodrigues 1725,BA,Salvador,2023-05-11
1726,Vanessa Pereira 1726,PE,Recife,2023-08-28
1727,Ana Oliveira 1727,PE,Recife,2025-06-12
1728,Vanessa Pereira 1728,RS,Porto Alegre,2024-01-29
1729,Helena Pereira 1729,PE,Recife,2024-04-20
1730,Juliana Rodrigues 1730,PE,Recife,2023-09-26
1731,Vanessa Oliveira 1731,SC,Florianopolis,2025-01-07
1732,Carlos Almeida 1732,PR,Curitiba,2024-08-01
1733,Gabriel Oliveira 1733,MG,Belo Horizonte,2023-12-21
1734,Renata Almeida 1734,PE,Recife,2023-07-26
1735,Gabriel Silva 1735,RS,Porto Alegre,2024-04-25
1736,Igor Pereira 1736,SP,Sao Paulo,2025-01-04
1737,Bruno Santos 1737,MG,Belo Horizonte,2023-12-24
1738,Daniela Souza 1738,BA,Salvador,2025-05-31
1739,Vanessa Costa 1739,RJ,Rio de Janeiro,2024-04-03
1740,Bruno Costa 1740,BA,Salvador,2024-12-28
1741,Daniela Silva 1741,MG,Belo Horizonte,2025-11-21
1742,Daniela Santos 1742,PE,Recife,2025-07-25
1743,Daniela Oliveira 1743,RJ,Rio de Janeiro,2023-03-27
1744,Mariana Oliveira 1744,RJ,Rio de Janeiro,2024-02-25
1745,Vanessa Santos 1745,RS,Porto Alegre,2025-06-23
1746,Lucas Oliveira 1746,MG,Belo Horizonte,2025-01-14
1747,Thiago Rodrigues 1747,RJ,Rio de Janeiro,2024-02-18
1748,Vanessa Pereira 1748,SP,Sao Paulo,2024-05-17
1749,Fernanda Santos 1749,RS,Porto Alegre,2025-10-31
1750,Renata Pereira 1750,RS,Porto Alegre,2025-02-01
1751,Renata Souza 1751,PR,Curitiba,2023-11-07
1752,Renata Rodrigues 1752,MG,Belo Horizonte,2025-05-28
1753,Mariana Silva 1753,PE,Recife,2025-11-23
1754,Ana Santos 1754,PE,Recife,2023-10-26
1755,Lucas Rodrigues 1755,RJ,Rio de Janeiro,2024-11-23
1756,Bruno Rodrigues 1756,MG,Belo Horizonte,2025-06-07
1757,Bruno Costa 1757,SP,Sao Paulo,2023-11-06
1758,Juliana Pereira 1758,SC,Florianopolis,2025-04-03
1759,Igor Oliveira 1759,BA,Salvador,2023-01-17
1760,Gabriel Almeida 1760,SC,Florianopolis,2025-07-02
1761,Gabriel Costa 1761,BA,Salvador,2025-04-08
1762,Lucas Rodrigues 1762,RJ,Rio de Janeiro,2023-03-17
1763,Juliana Souza 1763,MG,Belo Horizonte,2025-12-01
1764,Juliana Pereira 1764,RJ,Rio de Janeiro,2025-11-13
1765,Ana Costa 1765,MG,Belo Horizonte,2023-02-17
1766,Renata Santos 1766,PR,Curitiba,2024-09-14
1767,Igor Pereira 1767,SP,Sao Paulo,2025-02-02
1768,Daniela Almeida 1768,RJ,Rio de Janeiro,2023-04-08
1769,Thiago Pereira 1769,RS,Porto Alegre,2023-01-11
1770,Helena Pereira 1770,PR,Curitiba,2025-12-28
1771,Eduardo Rodrigues 1771,RS,Porto Alegre,2024-08-05
1772,Lucas Souza 1772,PR,Curitiba,2023-08-04
1773,Daniela Oliveira 1773,BA,Salvador,2025-07-19
1774,Carlos Santos 1774,SC,Florianopolis,2025-04-23
1775,Eduardo Almeida 1775,SP,Sao Paulo,2025-05-20
1776,Carlos Pereira 1776,PR,Curitiba,2025-07-02
1777,Rafael Costa 1777,SC,Florianopolis,2025-11-28
1778,Thiago Almeida 1778,PE,Recife,2025-05-17
1779,Eduardo Oliveira 1779,SC,Florianopolis,2023-11-30
1780,Eduardo Santos 1780,PE,Recife,2025-07-26
1781,Vanessa Silva 1781,PR,Curitiba,2025-07-21
1782,Daniela Rodrigues 1782,MG,Belo Horizonte,2025-01-26
1783,Mariana Costa 1783,RJ,Rio de Janeiro,2023-09-05
1784,Eduardo Santos 1784,SP,Sao Paulo,2025-12-06
1785,Mariana Costa 1785,BA,Salvador,2024-09-16
1786,Ana Oliveira 1786,RS,Porto Alegre,2025-09-22
1787,Bruno Costa 1787,MG,Belo Horizonte,2025-05-13
1788,Fernanda Almeida 1788,RS,Porto Alegre,2024-03-17
1789,Mariana Santos 1789,SP,Sao Paulo,2023-09-08
1790,Vanessa Costa 1790,SP,Sao Paulo,2025-05-05
1791,Rafael Almeida 1791,PE,Recife,2024-11-22
1792,Thiago Almeida 1792,MG,Belo Horizonte,2023-10-11
1793,Lucas Santos 1793,PE,Recife,2023-11-02
1794,Helena Rodrigues 1794,SC,Florianopolis,2025-03-04
1795,Thiago Costa 1795,BA,Salvador,2023-04-04
1796,Ana Costa 1796,RJ,Rio de Janeiro,2023-12-06
1797,Gabriel Silva 1797,RJ,Rio de Janeiro,2023-06-24
1798,Ana Santos 1798,PR,Curitiba,2025-09-01
1799,Igor Souza 1799,MG,Belo Horizonte,2023-02-08
1800,Carlos Pereira 1800,PR,Curitiba,2025-06-28
1801,Vanessa Silva 1801,SC,Florianopolis,2023-04-03
1802,Fernanda Rodrigues 1802,BA,Salvador,2025-06-14
1803,Lucas Rodrigues 1803,SP,Sao Paulo,2025-12-17
1804,Daniela Santos 1804,RS,Porto Alegre,2023-07-06
1805,Eduardo Oliveira 1805,MG,Belo Horizonte,2024-08-07
1806,Eduardo Costa 1806,RS,Porto Alegre,2023-07-03
1807,Bruno Pereira 1807,SC,Florianopolis,2023-12-13
1808,Bruno Costa 1808,MG,Belo Horizonte,2023-02-25
1809,Lucas Oliveira 1809,SC,Florianopolis,2023-07-22
1810,Igor Rodrigues 1810,SC,Florianopolis,2024-10-25
1811,Gabriel Souza 1811,RJ,Rio de Janeiro,2023-04-17
1812,Rafael Santos 1812,PR,Curitiba,2025-10-06
1813,Lucas Almeida 1813,RS,Porto Alegre,2023-05-05
1814,Vanessa Silva 1814,SC,Florianopolis,2023-05-15
1815,Ana Costa 1815,SC,Florianopolis,2024-04-23
1816,Eduardo Costa 1816,RJ,Rio de Janeiro,2024-05-19
1817,Carlos Souza 1817,SC,Florianopolis,2025-07-02
1818,Fernanda Souza 1818,MG,Belo Horizonte,2025-02-03
1819,Bruno Silva 1819,SC,Florianopolis,2025-07-14
1820,Fernanda Silva 1820,PE,Recife,2024-08-15
1821,Igor Costa 1821,SP,Sao Paulo,2025-09-14
1822,Gabriel Costa 1822,SC,Florianopolis,2024-12-20
1823,Carlos Costa 1823,SP,Sao Paulo,2023-11-27
1824,Daniela Oliveira 1824,RJ,Rio de Janeiro,2025-03-20
1825,Gabriel Pereira 1825,RS,Porto Alegre,2025-06-03
1826,Thiago Costa 1826,BA,Salvador,2024-06-19
1827,Lucas Souza 1827,PR,Curitiba,2024-10-20
1828,Ana Oliveira 1828,PE,Recife,2024-11-03
1829,Ana Silva 1829,SP,Sao Paulo,2025-09-02
1830,Vanessa Rodrigues 1830,MG,Belo Horizonte,2025-04-26
1831,Ana Almeida 1831,RJ,Rio de Janeiro,2023-06-08
1832,Rafael Pereira 1832,RJ,Rio de Janeiro,2024-12-23
1833,Ana Santos 1833,SC,Florianopolis,2023-12-29
1834,Gabriel Almeida 1834,PE,Recife,2025-01-28
1835,Ana Costa 1835,SP,Sao Paulo,2024-03-29
1836,Carlos Costa 1836,BA,Salvador,2024-01-28
1837,Vanessa Pereira 1837,PR,Curitiba,2024-04-24
1838,Vanessa Souza 1838,SP,Sao Paulo,2024-07-28
1839,Rafael Santos 1839,SP,Sao Paulo,2024-02-06
1840,Vanessa Oliveira 1840,RS,Porto Alegre,2025-10-21
1841,Carlos Oliveira 1841,PR,Curitiba,2023-12-26
1842,Igor Souza 1842,RJ,Rio de Janeiro,2023-09-18
1843,Ana Costa 1843,RS,Porto Alegre,2024-01-28
1844,Renata Silva 1844,PE,Recife,2023-01-05
1845,Renata Costa 1845,BA,Salvador,2025-06-04
1846,Thiago Almeida 1846,RJ,Rio de Janeiro,2025-11-27
1847,Bruno Souza 1847,BA,Salvador,2025-11-25
1848,Renata Almeida 1848,SP,Sao Paulo,2024-07-23
1849,Rafael Souza 1849,BA,Salvador,2023-01-11
1850,Ana Souza 1850,BA,Salvador,2023-06-17
1851,Helena Souza 1851,SC,Florianopolis,2023-06-02
1852,Juliana Santos 1852,MG,Belo Horizonte,2024-11-05
1853,Vanessa Rodrigues 1853,RJ,Rio de Janeiro,2023-02-27
1854,Igor Souza 1854,SP,Sao Paulo,2024-11-15
1855,Helena Pereira 1855,RJ,Rio de Janeiro,2025-08-27
1856,Helena Santos 1856,SP,Sao Paulo,2024-11-14
1857,Thiago Santos 1857,PE,Recife,2023-07-15
1858,Bruno Rodrigues 1858,RJ,Rio de Janeiro,2023-05-05
1859,Eduardo Silva 1859,BA,Salvador,2023-05-14
1860,Juliana Rodrigues 1860,PE,Recife,2023-04-23
1861,Bruno Silva 1861,RJ,Rio de Janeiro,2023-07-28
1862,Rafael Santos 1862,RS,Porto Alegre,2025-02-20
1863,Ana Almeida 1863,SC,Florianopolis,2024-04-22
1864,Renata Santos 1864,SC,Florianopolis,2025-08-08
1865,Thiago Pereira 1865,BA,Salvador,2023-02-23
1866,Daniela Silva 1866,PR,Curitiba,2023-08-10
1867,Eduardo Costa 1867,RJ,Rio de Janeiro,2024-02-01
1868,Vanessa Almeida 1868,BA,Salvador,2025-05-12
1869,Eduardo Silva 1869,MG,Belo Horizonte,2024-05-12
1870,Juliana Rodrigues 1870,SP,Sao Paulo,2023-09-19
1871,Eduardo Oliveira 1871,BA,Salvador,2024-09-29
1872,Lucas Costa 1872,PE,Recife,2024-09-24
1873,Eduardo Silva 1873,BA,Salvador,2023-01-17
1874,Bruno Rodrigues 1874,PR,Curitiba,2025-11-04
1875,Gabriel Souza 1875,BA,Salvador,2024-02-05
1876,Gabriel Almeida 1876,RJ,Rio de Janeiro,2024-11-30
1877,Lucas Costa 1877,PE,Recife,2024-11-09
1878,Fernanda Santos 1878,SC,Florianopolis,2024-11-04
1879,Vanessa Souza 1879,PE,Recife,2023-03-28
1880,Helena Almeida 1880,SP,Sao Paulo,2024-04-01
1881,Vanessa Pereira 1881,PR,Curitiba,2024-05-04
1882,Rafael Oliveira 1882,SC,Florianopolis,2024-02-25
1883,Ana Santos 1883,SP,Sao Paulo,2025-01-13
1884,Daniela Oliveira 1884,BA,Salvador,2023-03-03
1885,Gabriel Pereira 1885,RS,Porto Alegre,2025-06-20
1886,Gabriel Souza 1886,SP,Sao Paulo,2023-03-02
1887,Helena Costa 1887,RS,Porto Alegre,2023-12-23
1888,Helena Oliveira 1888,MG,Belo Horizonte,2024-11-26
1889,Fernanda Costa 1889,PR,Curitiba,2023-02-14
1890,Eduardo Rodrigues 1890,RJ,Rio de Janeiro,2023-02-12
1891,Gabriel Costa 1891,RJ,Rio de Janeiro,2024-11-24
1892,Mariana Pereira 1892,PE,Recife,2024-05-06
1893,Renata Santos 1893,MG,Belo Horizonte,2025-12-15
1894,Eduardo Souza 1894,RJ,Rio de Janeiro,2023-10-23
1895,Rafael Pereira 1895,PR,Curitiba,2025-12-26
1896,Helena Silva 1896,BA,Salvador,2025-05-29
1897,Juliana Oliveira 1897,PR,Curitiba,2026-01-01
1898,Bruno Costa 1898,BA,Salvador,2024-05-21
1899,Vanessa Souza 1899,MG,Belo Horizonte,2025-11-06
1900,Carlos Oliveira 1900,RJ,Rio de Janeiro,2025-08-21
1901,Mariana Almeida 1901,SC,Florianopolis,2025-11-08
1902,Lucas Pereira 1902,PE,Recife,2024-01-02
1903,Vanessa Costa 1903,PE,Recife,2025-10-10
1904,Gabriel Souza 1904,SC,Florianopolis,2023-03-16
1905,Helena Rodrigues 1905,PR,Curitiba,2025-07-14
1906,Renata Rodrigues 1906,PR,Curitiba,2024-09-18
1907,Igor Santos 1907,MG,Belo Horizonte,2025-02-05
1908,Juliana Almeida 1908,MG,Belo Horizonte,2023-06-22
1909,Bruno Almeida 1909,BA,Salvador,2024-04-16
1910,Thiago Almeida 1910,BA,Salvador,2025-05-22
1911,Mariana Almeida 1911,SC,Florianopolis,2025-04-17
1912,Rafael Silva 1912,BA,Salvador,2024-07-13
1913,Helena Costa 1913,MG,Belo Horizonte,2025-06-23
1914,Carlos Costa 1914,RJ,Rio de Janeiro,2025-01-05
1915,Helena Santos 1915,RJ,Rio de Janeiro,2024-07-20
1916,Mariana Silva 1916,RJ,Rio de Janeiro,2023-05-27
1917,Gabriel Pereira 1917,PR,Curitiba,2024-11-14
1918,Igor Souza 1918,RS,Porto Alegre,2024-09-11
1919,Ana Costa 1919,MG,Belo Horizonte,2024-06-18
1920,Rafael Rodrigues 1920,RS,Porto Alegre,2024-12-10
1921,Eduardo Rodrigues 1921,SP,Sao Paulo,2025-08-24
1922,Gabriel Almeida 1922,PR,Curitiba,2024-04-09
1923,Thiago Almeida 1923,PR,Curitiba,2025-11-22
1924,Lucas Souza 1924,BA,Salvador,2023-06-25
1925,Gabriel Almeida 1925,SC,Florianopolis,2025-05-05
1926,Mariana Oliveira 1926,PE,Recife,2023-03-03
1927,Ana Almeida 1927,MG,Belo Horizonte,2024-09-17
1928,Helena Rodrigues 1928,BA,Salvador,2024-11-26
1929,Juliana Pereira 1929,SC,Florianopolis,2025-04-06
1930,Eduardo Oliveira 1930,SP,Sao Paulo,2023-03-07
1931,Rafael Souza 1931,BA,Salvador,2025-03-11
1932,Rafael Souza 1932,SC,Florianopolis,2023-05-11
1933,Lucas Almeida 1933,PE,Recife,2023-08-11
1934,Fernanda Santos 1934,RS,Porto Alegre,2023-07-10
1935,Vanessa Silva 1935,MG,Belo Horizonte,2023-03-07
1936,Carlos Rodrigues 1936,MG,Belo Horizonte,2024-02-12
1937,Helena Costa 1937,RS,Porto Alegre,2024-02-26
1938,Bruno Pereira 1938,RJ,Rio de Janeiro,2025-07-20
1939,Lucas Rodrigues 1939,SP,Sao Paulo,2023-12-18
1940,Daniela Oliveira 1940,SC,Florianopolis,2023-11-18
1941,Carlos Rodrigues 1941,SC,Florianopolis,2025-09-06
1942,Gabriel Costa 1942,PR,Curitiba,2023-09-24
1943,Fernanda Costa 1943,SC,Florianopolis,2025-08-30
1944,Thiago Costa 1944,PR,Curitiba,2025-10-26
1945,Eduardo Almeida 1945,PR,Curitiba,2023-01-16
1946,Helena Pereira 1946,RJ,Rio de Janeiro,2025-03-28
1947,Thiago Silva 1947,PE,Recife,2025-07-31
1948,Thiago Pereira 1948,RJ,Rio de Janeiro,2024-08-12
1949,Fernanda Rodrigues 1949,RS,Porto Alegre,2025-03-11
1950,Renata Almeida 1950,PR,Curitiba,2024-01-03
1951,Daniela Rodrigues 1951,SC,Florianopolis,2024-01-11
1952,Fernanda Costa 1952,SP,Sao Paulo,2024-05-05
1953,Gabriel Almeida 1953,RS,Porto Alegre,2023-05-17
1954,Mariana Santos 1954,SC,Florianopolis,2023-09-06
1955,Lucas Rodrigues 1955,RJ,Rio de Janeiro,2025-10-30
1956,Igor Souza 1956,PE,Recife,2023-12-04
1957,Ana Santos 1957,SP,Sao Paulo,2025-08-04
1958,Lucas Rodrigues 1958,PE,Recife,2025-02-19
1959,Bruno Silva 1959,PR,Curitiba,2025-03-23
1960,Eduardo Pereira 1960,RS,Porto Alegre,2023-08-23
1961,Thiago Santos 1961,PE,Recife,2025-09-19
1962,Thiago Oliveira 1962,RJ,Rio de Janeiro,2024-05-11
1963,Fernanda Oliveira 1963,PE,Recife,2024-07-25
1964,Fernanda Costa 1964,SP,Sao Paulo,2023-07-25
1965,Rafael Oliveira 1965,RJ,Rio de Janeiro,2025-12-30
1966,Igor Oliveira 1966,RJ,Rio de Janeiro,2023-01-23
1967,Fernanda Souza 1967,PE,Recife,2025-01-03
1968,Gabriel Almeida 1968,SP,Sao Paulo,2025-12-26
1969,Daniela Rodrigues 1969,SP,Sao Paulo,2025-12-06
1970,Bruno Silva 1970,RS,Porto Alegre,2025-06-28
1971,Gabriel Souza 1971,SP,Sao Paulo,2025-02-11
1972,Gabriel Santos 1972,BA,Salvador,2024-05-03
1973,Ana Silva 1973,SP,Sao Paulo,2025-05-13
1974,Carlos Souza 1974,BA,Salvador,2024-01-29
1975,Fernanda Silva 1975,RJ,Rio de Janeiro,2023-12-10
1976,Daniela Pereira 1976,SC,Florianopolis,2025-11-15
1977,Gabriel Rodrigues 1977,BA,Salvador,2024-01-24
1978,Helena Souza 1978,SC,Florianopolis,2023-09-05
1979,Lucas Oliveira 1979,RJ,Rio de Janeiro,2024-12-31
1980,Lucas Silva 1980,SP,Sao Paulo,2025-04-03
1981,Thiago Souza 1981,SC,Florianopolis,2024-03-11
1982,Mariana Silva 1982,RJ,Rio de Janeiro,2024-07-24
1983,Renata Costa 1983,RJ,Rio de Janeiro,2024-03-23
1984,Fernanda Costa 1984,PE,Recife,2023-07-28
1985,Rafael Oliveira 1985,RJ,Rio de Janeiro,2024-10-26
1986,Lucas Almeida 1986,BA,Salvador,2023-12-26
1987,Ana Almeida 1987,RJ,Rio de Janeiro,2024-11-17
1988,Helena Silva 1988,SC,Florianopolis,2025-11-12
1989,Daniela Costa 1989,PR,Curitiba,2023-02-13
1990,Helena Santos 1990,PR,Curitiba,2025-05-27
1991,Mariana Almeida 1991,SP,Sao Paulo,2023-10-09
1992,Eduardo Rodrigues 1992,RS,Porto Alegre,2024-02-18
1993,Helena Almeida 1993,PR,Curitiba,2023-03-19
1994,Igor Pereira 1994,BA,Salvador,2023-10-02
1995,Renata Costa 1995,SP,Sao Paulo,2025-12-02
1996,Lucas Pereira 1996,SP,Sao Paulo,2024-04-14
1997,Bruno Souza 1997,PR,Curitiba,2024-02-26
1998,Lucas Oliveira 1998,PR,Curitiba,2025-02-20
1999,Carlos Almeida 1999,PE,Recife,2023-01-13
2000,Bruno Oliveira 2000,RJ,Rio de Janeiro,2024-01-30
2001,Carlos Oliveira 2001,PR,Curitiba,2023-09-15
2002,Carlos Rodrigues 2002,PR,Curitiba,2024-04-28
2003,Fernanda Souza 2003,PE,Recife,2024-09-29
2004,Fernanda Souza 2004,PR,Curitiba,2025-05-18
2005,Thiago Souza 2005,RS,Porto Alegre,2024-08-07
2006,Carlos Pereira 2006,RS,Porto Alegre,2025-09-12
2007,Fernanda Almeida 2007,SC,Florianopolis,2025-02-12
2008,Renata Oliveira 2008,PE,Recife,2025-05-15
2009,Rafael Rodrigues 2009,PE,Recife,2023-02-10
2010,Eduardo Oliveira 2010,RJ,Rio de Janeiro,2024-09-06
2011,Thiago Costa 2011,RS,Porto Alegre,2025-02-18
2012,Rafael Almeida 2012,PE,Recife,2024-08-03
2013,Eduardo Almeida 2013,RJ,Rio de Janeiro,2024-11-13
2014,Gabriel Silva 2014,PR,Curitiba,2023-11-13
2015,Mariana Almeida 2015,SP,Sao Paulo,2025-10-22
2016,Rafael Pereira 2016,SC,Florianopolis,2025-05-01
2017,Juliana Santos 2017,SC,Florianopolis,2025-09-29
2018,Daniela Rodrigues 2018,SC,Florianopolis,2023-03-21
2019,Renata Costa 2019,MG,Belo Horizonte,2024-02-02
2020,Vanessa Pereira 2020,BA,Salvador,2025-11-09
2021,Renata Souza 2021,SP,Sao Paulo,2025-02-28
2022,Bruno Pereira 2022,PR,Curitiba,2025-09-05
2023,Igor Almeida 2023,SP,Sao Paulo,2023-10-30
2024,Helena Oliveira 2024,MG,Belo Horizonte,2024-06-04
2025,Carlos Rodrigues 2025,SP,Sao Paulo,2023-08-28
2026,Gabriel Rodrigues 2026,SC,Florianopolis,2023-06-14
2027,Igor Costa 2027,MG,Belo Horizonte,2025-05-24
2028,Renata Santos 2028,SC,Florianopolis,2024-09-22
2029,Eduardo Costa 2029,RJ,Rio de Janeiro,2024-12-06
2030,Juliana Silva 2030,PR,Curitiba,2025-03-26
2031,Ana Santos 2031,MG,Belo Horizonte,2025-10-04
2032,Renata Costa 2032,RJ,Rio de Janeiro,2025-05-05
2033,Fernanda Pereira 2033,SC,Florianopolis,2023-12-16
2034,Gabriel Almeida 2034,MG,Belo Horizonte,2023-10-03
2035,Daniela Almeida 2035,MG,Belo Horizonte,2025-10-26
2036,Gabriel Silva 2036,PR,Curitiba,2024-01-16
2037,Igor Rodrigues 2037,MG,Belo Horizonte,2024-01-28
2038,Fernanda Santos 2038,PE,Recife,2023-08-12
2039,Rafael Santos 2039,RS,Porto Alegre,2023-06-25
2040,Lucas Silva 2040,RS,Porto Alegre,2023-05-12
2041,Vanessa Santos 2041,PR,Curitiba,2025-09-05
2042,Igor Silva 2042,SP,Sao Paulo,2023-05-06
2043,Gabriel Silva 2043,SP,Sao Paulo,2023-07-18
2044,Igor Almeida 2044,SC,Florianopolis,2025-12-01
2045,Renata Pereira 2045,PE,Recife,2024-11-21
2046,Lucas Souza 2046,BA,Salvador,2024-12-03
2047,Rafael Silva 2047,BA,Salvador,2025-03-27
2048,Daniela Silva 2048,BA,Salvador,2024-11-07
2049,Eduardo Silva 2049,PE,Recife,2025-04-02
2050,Igor Souza 2050,RJ,Rio de Janeiro,2025-12-22
2051,Vanessa Rodrigues 2051,BA,Salvador,2025-07-14
2052,Lucas Silva 2052,PR,Curitiba,2023-01-07
2053,Lucas Almeida 2053,BA,Salvador,2023-04-04
2054,Rafael Santos 2054,PR,Curitiba,2025-09-19
2055,Vanessa Santos 2055,BA,Salvador,2025-05-26
2056,Gabriel Oliveira 2056,SC,Florianopolis,2024-08-24
2057,Vanessa Santos 2057,SP,Sao Paulo,2023-09-19
2058,Fernanda Almeida 2058,RS,Porto Alegre,2025-08-14
2059,Helena Souza 2059,RJ,Rio de Janeiro,2025-09-14
2060,Carlos Santos 2060,PR,Curitiba,2023-12-16
2061,Fernanda Pereira 2061,SC,Florianopolis,2023-03-01
2062,Helena Costa 2062,SC,Florianopolis,2024-07-28
2063,Eduardo Almeida 2063,PE,Recife,2023-09-10
2064,Helena Santos 2064,RJ,Rio de Janeiro,2024-11-12
2065,Rafael Rodrigues 2065,BA,Salvador,2025-02-11
2066,Igor Santos 2066,PR,Curitiba,2024-04-02
2067,Daniela Santos 2067,RS,Porto Alegre,2023-06-29
2068,Daniela Pereira 2068,BA,Salvador,2024-01-21
2069,Rafael Silva 2069,MG,Belo Horizonte,2024-10-03
2070,Gabriel Rodrigues 2070,RS,Porto Alegre,2023-05-07
2071,Mariana Oliveira 2071,SC,Florianopolis,2024-10-16
2072,Rafael Silva 2072,PR,Curitiba,2023-08-07
2073,Eduardo Costa 2073,PE,Recife,2024-10-09
2074,Thiago Oliveira 2074,PR,Curitiba,2025-10-20
2075,Bruno Pereira 2075,RS,Porto Alegre,2023-10-26
2076,Daniela Costa 2076,RS,Porto Alegre,2025-10-25
2077,Vanessa Costa 2077,PE,Recife,2024-03-17
2078,Lucas Oliveira 2078,SC,Florianopolis,2023-05-01
2079,Bruno Oliveira 2079,PR,Curitiba,2024-04-05
2080,Juliana Oliveira 2080,PE,Recife,2025-03-13
2081,Lucas Rodrigues 2081,SP,Sao Paulo,2025-03-14
2082,Rafael Rodrigues 2082,PE,Recife,2024-12-14
2083,Juliana Costa 2083,RJ,Rio de Janeiro,2025-12-17
2084,Daniela Oliveira 2084,PR,Curitiba,2025-03-17
2085,Juliana Almeida 2085,BA,Salvador,2023-04-21
2086,Thiago Almeida 2086,MG,Belo Horizonte,2023-10-09
2087,Gabriel Souza 2087,RS,Porto Alegre,2023-10-24
2088,Mariana Santos 2088,PR,Curitiba,2023-01-19
2089,Renata Oliveira 2089,MG,Belo Horizonte,2025-02-10
2090,Mariana Almeida 2090,SP,Sao Paulo,2023-07-16
2091,Daniela Pereira 2091,MG,Belo Horizonte,2023-04-18
2092,Rafael Souza 2092,SC,Florianopolis,2023-11-01
2093,Helena Rodrigues 2093,SP,Sao Paulo,2023-09-01
2094,Fernanda Rodrigues 2094,PE,Recife,2024-09-11
2095,Rafael Costa 2095,RJ,Rio de Janeiro,2025-08-07
2096,Ana Santos 2096,PE,Recife,2025-01-22
2097,Daniela Almeida 2097,RJ,Rio de Janeiro,2023-06-19
2098,Vanessa Costa 2098,PR,Curitiba,2023-02-17
2099,Rafael Almeida 2099,RJ,Rio de Janeiro,2024-01-06
2100,Eduardo Santos 2100,SC,Florianopolis,2024-09-03
2101,Fernanda Rodrigues 2101,BA,Salvador,2023-05-11
2102,Vanessa Santos 2102,SP,Sao Paulo,2025-03-17
2103,Daniela Oliveira 2103,RJ,Rio de Janeiro,2024-02-29
2104,Thiago Pereira 2104,MG,Belo Horizonte,2023-01-11
2105,Eduardo Souza 2105,RJ,Rio de Janeiro,2023-03-22
2106,Igor Silva 2106,MG,Belo Horizonte,2023-06-29
2107,Juliana Pereira 2107,RJ,Rio de Janeiro,2023-09-13
2108,Ana Souza 2108,MG,Belo Horizonte,2025-05-16
2109,Juliana Almeida 2109,RS,Porto Alegre,2023-04-05
2110,Lucas Pereira 2110,MG,Belo Horizonte,2025-10-01
2111,Bruno Souza 2111,PR,Curitiba,2023-07-22
2112,Eduardo Costa 2112,SP,Sao Paulo,2024-01-21
2113,Gabriel Pereira 2113,PR,Curitiba,2023-10-02
2114,Renata Santos 2114,RS,Porto Alegre,2023-09-21
2115,Rafael Oliveira 2115,RS,Porto Alegre,2024-06-17
2116,Carlos Costa 2116,SC,Florianopolis,2025-07-23
2117,Gabriel Santos 2117,SC,Florianopolis,2023-10-21
2118,Mariana Oliveira 2118,RS,Porto Alegre,2024-01-30
2119,Lucas Rodrigues 2119,SC,Florianopolis,2023-11-11
2120,Helena Santos 2120,SC,Florianopolis,2023-02-23
2121,Daniela Rodrigues 2121,RS,Porto Alegre,2023-09-13
2122,Carlos Pereira 2122,RJ,Rio de Janeiro,2024-11-05
2123,Eduardo Souza 2123,BA,Salvador,2024-07-13
2124,Daniela Rodrigues 2124,RS,Porto Alegre,2023-01-21
2125,Daniela Santos 2125,PR,Curitiba,2025-02-14
2126,Juliana Almeida 2126,MG,Belo Horizonte,2025-12-14
2127,Mariana Costa 2127,RJ,Rio de Janeiro,2025-12-19
2128,Bruno Oliveira 2128,RS,Porto Alegre,2023-07-22
2129,Fernanda Pereira 2129,BA,Salvador,2025-03-08
2130,Eduardo Costa 2130,SC,Florianopolis,2025-09-03
2131,Eduardo Oliveira 2131,SP,Sao Paulo,2025-11-17
2132,Igor Silva 2132,MG,Belo Horizonte,2025-02-14
2133,Renata Almeida 2133,BA,Salvador,2024-05-25
2134,Mariana Almeida 2134,MG,Belo Horizonte,2025-06-17
2135,Renata Souza 2135,RS,Porto Alegre,2024-07-18
2136,Juliana Rodrigues 2136,RS,Porto Alegre,2023-06-28
2137,Carlos Santos 2137,BA,Salvador,2023-07-04
2138,Fernanda Silva 2138,PR,Curitiba,2023-07-11
2139,Vanessa Silva 2139,RJ,Rio de Janeiro,2024-08-08
2140,Eduardo Almeida 2140,SC,Florianopolis,2025-11-07
2141,Daniela Rodrigues 2141,PE,Recife,2025-11-20
2142,Ana Rodrigues 2142,SP,Sao Paulo,2024-01-25
2143,Bruno Almeida 2143,BA,Salvador,2024-05-15
2144,Helena Oliveira 2144,MG,Belo Horizonte,2025-12-08
2145,Eduardo Pereira 2145,RJ,Rio de Janeiro,2025-01-21
2146,Vanessa Rodrigues 2146,SP,Sao Paulo,2025-05-15
2147,Daniela Pereira 2147,MG,Belo Horizonte,2025-02-03
2148,Juliana Costa 2148,PR,Curitiba,2023-08-30
2149,Igor Souza 2149,PE,Recife,2024-08-24
2150,Gabriel Costa 2150,SP,Sao Paulo,2025-03-17
2151,Vanessa Silva 2151,SP,Sao Paulo,2025-08-06
2152,Thiago Pereira 2152,BA,Salvador,2023-01-13
2153,Daniela Silva 2153,RS,Porto Alegre,2024-12-25
2154,Rafael Pereira 2154,BA,Salvador,2024-01-17
2155,Renata Almeida 2155,SP,Sao Paulo,2023-07-27
2156,Eduardo Rodrigues 2156,PR,Curitiba,2023-06-23
2157,Ana Oliveira 2157,RJ,Rio de Janeiro,2025-09-25
2158,Vanessa Rodrigues 2158,RS,Porto Alegre,2024-04-08
2159,Mariana Rodrigues 2159,BA,Salvador,2024-09-04
2160,Igor Santos 2160,MG,Belo Horizonte,2026-01-03
2161,Fernanda Oliveira 2161,PE,Recife,2025-06-18
2162,Ana Pereira 2162,BA,Salvador,2025-06-07
2163,Gabriel Costa 2163,PR,Curitiba,2023-08-15
2164,Rafael Rodrigues 2164,SP,Sao Paulo,2023-10-01
2165,Fernanda Souza 2165,BA,Salvador,2023-03-06
2166,Daniela Rodrigues 2166,PE,Recife,2024-06-28
2167,Eduardo Pereira 2167,PE,Recife,2025-10-11
2168,Rafael Oliveira 2168,SC,Florianopolis,2025-10-24
2169,Ana Oliveira 2169,RJ,Rio de Janeiro,2023-08-09
2170,Ana Souza 2170,MG,Belo Horizonte,2024-12-05
2171,Renata Silva 2171,SP,Sao Paulo,2024-12-01
2172,Juliana Costa 2172,SC,Florianopolis,2025-09-10
2173,Renata Souza 2173,PE,Recife,2023-06-19
2174,Fernanda Souza 2174,MG,Belo Horizonte,2025-11-13
2175,Igor Souza 2175,RS,Porto Alegre,2023-08-24
2176,Vanessa Santos 2176,SC,Florianopolis,2024-02-11
2177,Eduardo Souza 2177,MG,Belo Horizonte,2024-01-22
2178,Rafael Silva 2178,RJ,Rio de Janeiro,2023-09-28
2179,Eduardo Rodrigues 2179,RS,Porto Alegre,2024-01-29
2180,Carlos Silva 2180,SP,Sao Paulo,2024-02-13
2181,Juliana Souza 2181,SC,Florianopolis,2025-04-14
2182,Renata Almeida 2182,PR,Curitiba,2024-11-19
2183,Renata Silva 2183,SP,Sao Paulo,2025-11-10
2184,Igor Pereira 2184,RS,Porto Alegre,2023-08-14
2185,Renata Souza 2185,RS,Porto Alegre,2024-12-19
2186,Fernanda Silva 2186,BA,Salvador,2023-04-08
2187,Lucas Souza 2187,SP,Sao Paulo,2023-04-17
2188,Igor Santos 2188,RS,Porto Alegre,2025-08-24
2189,Igor Almeida 2189,SC,Florianopolis,2024-01-14
2190,Juliana Santos 2190,BA,Salvador,2024-11-15
2191,Eduardo Pereira 2191,RJ,Rio de Janeiro,2023-01-28
2192,Mariana Souza 2192,BA,Salvador,2025-01-10
2193,Rafael Santos 2193,RS,Porto Alegre,2024-03-06
2194,Daniela Silva 2194,RJ,Rio de Janeiro,2023-09-25
2195,Thiago Santos 2195,PR,Curitiba,2024-01-31
2196,Juliana Almeida 2196,RJ,Rio de Janeiro,2024-12-03
2197,Eduardo Silva 2197,PR,Curitiba,2025-12-28
2198,Renata Costa 2198,MG,Belo Horizonte,2024-01-28
2199,Thiago Santos 2199,BA,Salvador,2025-01-19
2200,Vanessa Rodrigues 2200,SC,Florianopolis,2023-05-19
2201,Igor Oliveira 2201,SP,Sao Paulo,2023-12-08
2202,Bruno Souza 2202,RS,Porto Alegre,2023-04-04
2203,Carlos Oliveira 2203,SC,Florianopolis,2025-10-10
2204,Rafael Rodrigues 2204,PE,Recife,2025-11-09
2205,Gabriel Oliveira 2205,SC,Florianopolis,2024-07-10
2206,Gabriel Silva 2206,SP,Sao Paulo,2023-11-24
2207,Igor Costa 2207,PE,Recife,2025-10-28
2208,Igor Santos 2208,PR,Curitiba,2024-08-29
2209,Bruno Souza 2209,MG,Belo Horizonte,2024-04-03
2210,Eduardo Costa 2210,RS,Porto Alegre,2023-03-22
2211,Bruno Souza 2211,MG,Belo Horizonte,2024-07-07
2212,Daniela Silva 2212,PR,Curitiba,2025-12-30
2213,Lucas Santos 2213,BA,Salvador,2025-01-25
2214,Renata Costa 2214,RS,Porto Alegre,2023-10-01
2215,Ana Pereira 2215,BA,Salvador,2023-04-28
2216,Fernanda Costa 2216,PR,Curitiba,2024-07-26
2217,Daniela Rodrigues 2217,SP,Sao Paulo,2026-01-05
2218,Thiago Souza 2218,RS,Porto Alegre,2024-02-27
2219,Gabriel Rodrigues 2219,BA,Salvador,2024-07-04
2220,Helena Rodrigues 2220,MG,Belo Horizonte,2025-07-02
2221,Vanessa Santos 2221,BA,Salvador,2023-10-31
2222,Thiago Oliveira 2222,PE,Recife,2024-01-07
2223,Vanessa Oliveira 2223,MG,Belo Horizonte,2024-01-22
2224,Juliana Oliveira 2224,RS,Porto Alegre,2023-02-13
2225,Gabriel Santos 2225,MG,Belo Horizonte,2025-03-18
2226,Renata Souza 2226,MG,Belo Horizonte,2023-05-28
2227,Daniela Oliveira 2227,PE,Recife,2025-04-04
2228,Rafael Rodrigues 2228,SP,Sao Paulo,2023-07-24
2229,Ana Silva 2229,SP,Sao Paulo,2023-08-14
2230,Carlos Costa 2230,MG,Belo Horizonte,2024-05-23
2231,Ana Santos 2231,MG,Belo Horizonte,2023-01-28
2232,Gabriel Oliveira 2232,BA,Salvador,2023-06-24
2233,Fernanda Costa 2233,PE,Recife,2025-06-28
2234,Eduardo Souza 2234,BA,Salvador,2025-09-07
2235,Daniela Silva 2235,SP,Sao Paulo,2024-07-01
2236,Juliana Santos 2236,SP,Sao Paulo,2023-07-30
2237,Ana Souza 2237,SC,Florianopolis,2023-10-18
2238,Renata Rodrigues 2238,SP,Sao Paulo,2024-04-09
2239,Juliana Souza 2239,MG,Belo Horizonte,2024-12-24
2240,Vanessa Oliveira 2240,SC,Florianopolis,2023-08-19
2241,Daniela Costa 2241,RJ,Rio de Janeiro,2024-04-04
2242,Lucas Santos 2242,BA,Salvador,2023-06-06
2243,Bruno Oliveira 2243,BA,Salvador,2023-06-23
2244,Lucas Oliveira 2244,MG,Belo Horizonte,2025-05-27
2245,Juliana Costa 2245,SC,Florianopolis,2023-11-04
2246,Igor Almeida 2246,BA,Salvador,2023-08-01
2247,Carlos Silva 2247,BA,Salvador,2024-06-27
2248,Lucas Oliveira 2248,MG,Belo Horizonte,2023-10-28
2249,Vanessa Santos 2249,SC,Florianopolis,2025-07-03
2250,Igor Oliveira 2250,RJ,Rio de Janeiro,2025-05-25
2251,Eduardo Oliveira 2251,RJ,Rio de Janeiro,2024-10-23
2252,Lucas Almeida 2252,SC,Florianopolis,2024-12-23
2253,Renata Pereira 2253,SC,Florianopolis,2025-09-12
2254,Rafael Rodrigues 2254,MG,Belo Horizonte,2024-05-18
2255,Vanessa Souza 2255,PE,Recife,2025-12-29
2256,Renata Souza 2256,SC,Florianopolis,2023-06-21
2257,Mariana Silva 2257,RJ,Rio de Janeiro,2024-04-26
2258,Mariana Almeida 2258,PR,Curitiba,2023-02-05
2259,Bruno Pereira 2259,MG,Belo Horizonte,2023-08-14
2260,Juliana Almeida 2260,BA,Salvador,2023-10-13
2261,Helena Souza 2261,MG,Belo Horizonte,2025-05-12
2262,Eduardo Santos 2262,PR,Curitiba,2023-04-25
2263,Ana Rodrigues 2263,MG,Belo Horizonte,2025-02-12
2264,Daniela Santos 2264,BA,Salvador,2023-04-21
2265,Ana Oliveira 2265,PE,Recife,2023-11-20
2266,Carlos Souza 2266,BA,Salvador,2023-10-17
2267,Renata Oliveira 2267,RJ,Rio de Janeiro,2023-01-26
2268,Eduardo Costa 2268,MG,Belo Horizonte,2025-08-20
2269,Lucas Almeida 2269,PE,Recife,2025-04-22
2270,Daniela Oliveira 2270,SP,Sao Paulo,2024-08-10
2271,Fernanda Oliveira 2271,SP,Sao Paulo,2023-03-07
2272,Renata Almeida 2272,SP,Sao Paulo,2025-03-22
2273,Juliana Souza 2273,RS,Porto Alegre,2025-10-24
2274,Igor Santos 2274,SC,Florianopolis,2023-11-18
2275,Gabriel Rodrigues 2275,SC,Florianopolis,2023-09-14
2276,Rafael Oliveira 2276,SP,Sao Paulo,2024-03-24
2277,Vanessa Pereira 2277,RJ,Rio de Janeiro,2025-08-17
2278,Fernanda Silva 2278,SC,Florianopolis,2025-02-18
2279,Gabriel Costa 2279,BA,Salvador,2025-05-18
2280,Carlos Pereira 2280,RJ,Rio de Janeiro,2023-08-02
2281,Helena Costa 2281,BA,Salvador,2023-02-27
2282,Carlos Souza 2282,MG,Belo Horizonte,2023-08-07
2283,Gabriel Souza 2283,SP,Sao Paulo,2024-09-25
2284,Igor Santos 2284,SP,Sao Paulo,2024-05-07
2285,Bruno Silva 2285,SP,Sao Paulo,2025-09-17
2286,Juliana Silva 2286,BA,Salvador,2023-07-10
2287,Rafael Souza 2287,BA,Salvador,2024-08-01
2288,Mariana Oliveira 2288,BA,Salvador,2025-03-11
2289,Renata Santos 2289,RJ,Rio de Janeiro,2024-11-09
2290,Rafael Almeida 2290,MG,Belo Horizonte,2023-02-18
2291,Fernanda Oliveira 2291,SP,Sao Paulo,2024-08-17
2292,Carlos Souza 2292,PE,Recife,2023-06-11
2293,Fernanda Pereira 2293,PR,Curitiba,2023-10-16
2294,Lucas Costa 2294,PE,Recife,2023-09-26
2295,Bruno Rodrigues 2295,BA,Salvador,2025-06-01
2296,Carlos Oliveira 2296,PR,Curitiba,2024-03-03
2297,Ana Oliveira 2297,PE,Recife,2023-07-19
2298,Vanessa Santos 2298,RS,Porto Alegre,2023-06-28
2299,Fernanda Costa 2299,PE,Recife,2024-10-04
2300,Igor Pereira 2300,MG,Belo Horizonte,2023-05-20
2301,Carlos Oliveira 2301,BA,Salvador,2023-07-02
2302,Vanessa Costa 2302,PE,Recife,2024-06-12
2303,Daniela Almeida 2303,PE,Recife,2023-10-15
2304,Juliana Rodrigues 2304,SP,Sao Paulo,2025-01-14
2305,Thiago Pereira 2305,SC,Florianopolis,2023-09-22
2306,Carlos Rodrigues 2306,BA,Salvador,2025-02-04
2307,Bruno Silva 2307,PE,Recife,2024-06-22
2308,Eduardo Santos 2308,PR,Curitiba,2023-01-17
2309,Fernanda Rodrigues 2309,RS,Porto Alegre,2025-02-08
2310,Rafael Almeida 2310,RJ,Rio de Janeiro,2024-04-01
2311,Thiago Almeida 2311,RJ,Rio de Janeiro,2024-12-15
2312,Carlos Oliveira 2312,PE,Recife,2023-08-12
2313,Renata Souza 2313,RJ,Rio de Janeiro,2025-03-23
2314,Carlos Pereira 2314,SC,Florianopolis,2024-11-04
2315,Gabriel Almeida 2315,BA,Salvador,2025-09-22
2316,Thiago Silva 2316,RJ,Rio de Janeiro,2024-07-24
2317,Eduardo Souza 2317,MG,Belo Horizonte,2025-08-20
2318,Rafael Silva 2318,BA,Salvador,2023-03-06
2319,Vanessa Souza 2319,BA,Salvador,2025-05-30
2320,Ana Rodrigues 2320,SP,Sao Paulo,2024-03-09
2321,Fernanda Santos 2321,RS,Porto Alegre,2024-05-31
2322,Igor Rodrigues 2322,MG,Belo Horizonte,2023-05-22
2323,Thiago Rodrigues 2323,RJ,Rio de Janeiro,2024-09-02
2324,Fernanda Silva 2324,PR,Curitiba,2024-06-15
2325,Lucas Costa 2325,RJ,Rio de Janeiro,2025-05-27
2326,Mariana Rodrigues 2326,MG,Belo Horizonte,2024-02-11
2327,Fernanda Rodrigues 2327,PE,Recife,2025-08-31
2328,Ana Souza 2328,BA,Salvador,2025-03-07
2329,Lucas Pereira 2329,RJ,Rio de Janeiro,2023-10-24
2330,Thiago Oliveira 2330,SP,Sao Paulo,2023-11-05
2331,Daniela Rodrigues 2331,PE,Recife,2024-10-10
2332,Ana Almeida 2332,RS,Porto Alegre,2025-12-02
2333,Daniela Silva 2333,MG,Belo Horizonte,2025-07-09
2334,Renata Oliveira 2334,PR,Curitiba,2024-01-20
2335,Mariana Souza 2335,SC,Florianopolis,2024-03-18
2336,Mariana Pereira 2336,PR,Curitiba,2023-01-30
2337,Juliana Santos 2337,SP,Sao Paulo,2024-09-10
2338,Renata Rodrigues 2338,PE,Recife,2025-07-22
2339,Renata Pereira 2339,BA,Salvador,2024-12-22
2340,Thiago Rodrigues 2340,RJ,Rio de Janeiro,2023-12-27
2341,Fernanda Rodrigues 2341,BA,Salvador,2023-12-29
2342,Renata Costa 2342,SC,Florianopolis,2024-08-06
2343,Daniela Santos 2343,RJ,Rio de Janeiro,2023-06-29
2344,Daniela Almeida 2344,SP,Sao Paulo,2025-04-22
2345,Bruno Costa 2345,RJ,Rio de Janeiro,2025-06-28
2346,Helena Almeida 2346,SC,Florianopolis,2024-03-09
2347,Gabriel Almeida 2347,SC,Florianopolis,2023-08-23
2348,Thiago Rodrigues 2348,RJ,Rio de Janeiro,2024-12-19
2349,Mariana Souza 2349,SC,Florianopolis,2023-01-16
2350,Igor Costa 2350,RS,Porto Alegre,2024-07-02
2351,Ana Rodrigues 2351,SC,Florianopolis,2024-05-09
2352,Ana Oliveira 2352,SP,Sao Paulo,2023-02-01
2353,Lucas Pereira 2353,BA,Salvador,2025-11-28
2354,Helena Rodrigues 2354,MG,Belo Horizonte,2025-05-30
2355,Bruno Rodrigues 2355,PR,Curitiba,2025-03-16
2356,Fernanda Rodrigues 2356,MG,Belo Horizonte,2025-03-10
2357,Fernanda Rodrigues 2357,BA,Salvador,2025-11-25
2358,Eduardo Santos 2358,PR,Curitiba,2023-07-23
2359,Fernanda Pereira 2359,SC,Florianopolis,2024-06-16
2360,Carlos Silva 2360,PR,Curitiba,2023-07-10
2361,Eduardo Silva 2361,SC,Florianopolis,2023-01-24
2362,Ana Oliveira 2362,RJ,Rio de Janeiro,2025-02-22
2363,Fernanda Souza 2363,PE,Recife,2025-01-03
2364,Gabriel Souza 2364,PR,Curitiba,2024-08-31
2365,Bruno Costa 2365,SC,Florianopolis,2024-06-17
2366,Ana Santos 2366,RJ,Rio de Janeiro,2023-10-22
2367,Daniela Santos 2367,RJ,Rio de Janeiro,2025-07-29
2368,Igor Oliveira 2368,MG,Belo Horizonte,2024-08-01
2369,Vanessa Pereira 2369,RJ,Rio de Janeiro,2023-06-08
2370,Daniela Almeida 2370,PR,Curitiba,2025-03-11
2371,Carlos Almeida 2371,SP,Sao Paulo,2025-04-27
2372,Renata Rodrigues 2372,RJ,Rio de Janeiro,2024-03-06
2373,Fernanda Oliveira 2373,BA,Salvador,2025-07-12
2374,Fernanda Silva 2374,RS,Porto Alegre,2023-01-21
2375,Mariana Almeida 2375,RJ,Rio de Janeiro,2024-12-03
2376,Igor Santos 2376,SP,Sao Paulo,2023-11-21
2377,Ana Oliveira 2377,PR,Curitiba,2023-03-02
2378,Daniela Souza 2378,PR,Curitiba,2025-01-17
2379,Eduardo Souza 2379,SP,Sao Paulo,2024-11-01
2380,Igor Costa 2380,RJ,Rio de Janeiro,2023-09-17
2381,Carlos Pereira 2381,PE,Recife,2024-02-13
2382,Vanessa Rodrigues 2382,RS,Porto Alegre,2025-08-14
2383,Igor Oliveira 2383,SC,Florianopolis,2024-01-31
2384,Rafael Santos 2384,PR,Curitiba,2024-07-29
2385,Gabriel Almeida 2385,RS,Porto Alegre,2023-12-06
2386,Renata Costa 2386,SC,Florianopolis,2025-07-02
2387,Rafael Rodrigues 2387,BA,Salvador,2023-08-09
2388,Mariana Santos 2388,PR,Curitiba,2024-12-23
2389,Bruno Costa 2389,PE,Recife,2023-12-09
2390,Mariana Rodrigues 2390,SC,Florianopolis,2024-08-24
2391,Fernanda Pereira 2391,SP,Sao Paulo,2023-08-23
2392,Mariana Souza 2392,SC,Florianopolis,2024-01-16
2393,Mariana Pereira 2393,RJ,Rio de Janeiro,2024-03-16
2394,Daniela Silva 2394,MG,Belo Horizonte,2024-10-05
2395,Lucas Souza 2395,BA,Salvador,2023-01-23
2396,Helena Santos 2396,PE,Recife,2024-10-20
2397,Gabriel Souza 2397,SC,Florianopolis,2024-08-03
2398,Carlos Rodrigues 2398,RJ,Rio de Janeiro,2024-07-23
2399,Lucas Souza 2399,SC,Florianopolis,2024-10-12
2400,Vanessa Almeida 2400,PR,Curitiba,2023-04-12
2401,Renata Santos 2401,SP,Sao Paulo,2024-07-16
2402,Fernanda Pereira 2402,RJ,Rio de Janeiro,2025-07-16
2403,Ana Costa 2403,SC,Florianopolis,2024-04-29
2404,Thiago Costa 2404,SP,Sao Paulo,2023-01-10
2405,Bruno Silva 2405,MG,Belo Horizonte,2025-04-04
2406,Carlos Almeida 2406,BA,Salvador,2023-02-03
2407,Juliana Costa 2407,RJ,Rio de Janeiro,2025-04-30
2408,Rafael Santos 2408,BA,Salvador,2024-12-09
2409,Bruno Rodrigues 2409,BA,Salvador,2025-10-08
2410,Vanessa Santos 2410,RS,Porto Alegre,2025-07-19
2411,Ana Souza 2411,BA,Salvador,2023-07-30
2412,Eduardo Santos 2412,SP,Sao Paulo,2023-01-22
2413,Helena Oliveira 2413,BA,Salvador,2025-06-11
2414,Mariana Silva 2414,RJ,Rio de Janeiro,2024-01-27
2415,Bruno Santos 2415,SP,Sao Paulo,2024-06-15
2416,Carlos Costa 2416,SP,Sao Paulo,2024-09-15
2417,Igor Oliveira 2417,BA,Salvador,2025-02-16
2418,Daniela Oliveira 2418,MG,Belo Horizonte,2025-08-01
2419,Renata Almeida 2419,BA,Salvador,2023-10-31
2420,Helena Almeida 2420,RJ,Rio de Janeiro,2025-12-04
2421,Lucas Almeida 2421,PE,Recife,2024-07-28
2422,Igor Costa 2422,PR,Curitiba,2023-07-08
2423,Helena Souza 2423,RJ,Rio de Janeiro,2024-12-23
2424,Vanessa Silva 2424,RJ,Rio de Janeiro,2023-06-03
2425,Gabriel Almeida 2425,PR,Curitiba,2023-01-27
2426,Vanessa Santos 2426,SC,Florianopolis,2024-01-20
2427,Lucas Costa 2427,BA,Salvador,2024-03-03
2428,Daniela Oliveira 2428,PE,Recife,2023-11-12
2429,Rafael Almeida 2429,PR,Curitiba,2025-01-14
2430,Gabriel Santos 2430,PR,Curitiba,2025-03-30
2431,Fernanda Costa 2431,RS,Porto Alegre,2025-05-16
2432,Thiago Santos 2432,RJ,Rio de Janeiro,2023-10-29
2433,Ana Almeida 2433,RJ,Rio de Janeiro,2024-05-07
2434,Ana Almeida 2434,MG,Belo Horizonte,2024-06-30
2435,Igor Santos 2435,PE,Recife,2024-12-21
2436,Renata Souza 2436,RJ,Rio de Janeiro,2024-12-26
2437,Renata Pereira 2437,MG,Belo Horizonte,2025-03-23
2438,Igor Pereira 2438,SP,Sao Paulo,2025-06-22
2439,Rafael Rodrigues 2439,RJ,Rio de Janeiro,2023-04-11
2440,Gabriel Rodrigues 2440,PR,Curitiba,2024-08-25
2441,Vanessa Rodrigues 2441,MG,Belo Horizonte,2024-07-19
2442,Helena Santos 2442,RJ,Rio de Janeiro,2023-04-13
2443,Bruno Silva 2443,PR,Curitiba,2023-08-24
2444,Carlos Santos 2444,RS,Porto Alegre,2024-05-03
2445,Rafael Rodrigues 2445,RS,Porto Alegre,2024-04-08
2446,Helena Costa 2446,SC,Florianopolis,2023-07-27
2447,Fernanda Souza 2447,PE,Recife,2024-02-26
2448,Juliana Silva 2448,BA,Salvador,2024-08-12
2449,Vanessa Costa 2449,RJ,Rio de Janeiro,2024-01-15
2450,Lucas Santos 2450,PR,Curitiba,2023-12-15
2451,Lucas Almeida 2451,MG,Belo Horizonte,2024-01-19
2452,Vanessa Rodrigues 2452,MG,Belo Horizonte,2023-01-27
2453,Fernanda Costa 2453,BA,Salvador,2023-02-12
2454,Ana Pereira 2454,RJ,Rio de Janeiro,2023-12-16
2455,Vanessa Souza 2455,PE,Recife,2023-01-03
2456,Bruno Silva 2456,PE,Recife,2023-08-13
2457,Fernanda Oliveira 2457,RS,Porto Alegre,2024-04-12
2458,Juliana Pereira 2458,RJ,Rio de Janeiro,2023-07-24
2459,Mariana Costa 2459,PE,Recife,2025-10-01
2460,Mariana Almeida 2460,PE,Recife,2024-06-03
2461,Juliana Pereira 2461,SP,Sao Paulo,2024-12-23
2462,Igor Silva 2462,PE,Recife,2023-08-19
2463,Helena Oliveira 2463,MG,Belo Horizonte,2025-04-20
2464,Ana Souza 2464,BA,Salvador,2025-10-16
2465,Gabriel Santos 2465,SC,Florianopolis,2025-01-06
2466,Daniela Costa 2466,PR,Curitiba,2025-02-12
2467,Fernanda Costa 2467,PE,Recife,2025-12-15
2468,Rafael Rodrigues 2468,BA,Salvador,2024-11-09
2469,Gabriel Silva 2469,RS,Porto Alegre,2024-09-25
2470,Renata Almeida 2470,BA,Salvador,2023-09-09
2471,Daniela Silva 2471,BA,Salvador,2024-08-13
2472,Thiago Oliveira 2472,PE,Recife,2023-10-29
2473,Juliana Almeida 2473,RS,Porto Alegre,2023-11-30
2474,Juliana Silva 2474,RS,Porto Alegre,2023-05-13
2475,Gabriel Costa 2475,PE,Recife,2023-03-25
2476,Vanessa Costa 2476,RJ,Rio de Janeiro,2023-04-19
2477,Mariana Silva 2477,SP,Sao Paulo,2025-05-31
2478,Eduardo Pereira 2478,SP,Sao Paulo,2024-05-29
2479,Eduardo Santos 2479,RS,Porto Alegre,2025-10-25
2480,Gabriel Rodrigues 2480,RS,Porto Alegre,2023-10-20
2481,Helena Silva 2481,RJ,Rio de Janeiro,2024-08-18
2482,Helena Rodrigues 2482,PE,Recife,2024-12-27
2483,Daniela Costa 2483,SC,Florianopolis,2025-03-28
2484,Fernanda Rodrigues 2484,RS,Porto Alegre,2024-09-28
2485,Gabriel Costa 2485,BA,Salvador,2023-10-13
2486,Gabriel Costa 2486,MG,Belo Horizonte,2025-05-02
2487,Juliana Almeida 2487,RS,Porto Alegre,2023-06-25
2488,Renata Santos 2488,MG,Belo Horizonte,2025-02-08
2489,Thiago Pereira 2489,MG,Belo Horizonte,2025-12-14
2490,Mariana Rodrigues 2490,BA,Salvador,2025-08-17
2491,Renata Almeida 2491,PE,Recife,2025-05-11
2492,Renata Santos 2492,SP,Sao Paulo,2023-02-24
2493,Helena Pereira 2493,MG,Belo Horizonte,2024-09-11
2494,Bruno Rodrigues 2494,MG,Belo Horizonte,2024-08-23
2495,Ana Almeida 2495,MG,Belo Horizonte,2025-04-05
2496,Carlos Silva 2496,PE,Recife,2023-04-22
2497,Lucas Santos 2497,RS,Porto Alegre,2023-08-08
2498,Lucas Silva 2498,RS,Porto Alegre,2025-09-13
2499,Bruno Souza 2499,RJ,Rio de Janeiro,2025-11-12
2500,Eduardo Souza 2500,MG,Belo Horizonte,2025-10-11
2501,Juliana Silva 2501,MG,Belo Horizonte,2024-09-08
2502,Daniela Santos 2502,PE,Recife,2024-02-16
2503,Daniela Santos 2503,SP,Sao Paulo,2023-11-10
2504,Daniela Almeida 2504,PR,Curitiba,2024-02-23
2505,Thiago Rodrigues 2505,SP,Sao Paulo,2025-11-01
2506,Juliana Rodrigues 2506,SP,Sao Paulo,2023-09-07
2507,Helena Costa 2507,PE,Recife,2024-01-12
2508,Renata Oliveira 2508,PE,Recife,2023-09-10
2509,Eduardo Souza 2509,SP,Sao Paulo,2024-01-14
2510,Gabriel Almeida 2510,MG,Belo Horizonte,2025-11-13
2511,Juliana Santos 2511,PE,Recife,2024-08-16
2512,Igor Rodrigues 2512,PE,Recife,2025-01-22
2513,Thiago Rodrigues 2513,SC,Florianopolis,2023-08-08
2514,Ana Costa 2514,SC,Florianopolis,2023-10-31
2515,Rafael Silva 2515,PE,Recife,2023-09-04
2516,Thiago Silva 2516,RS,Porto Alegre,2023-03-11
2517,Thiago Almeida 2517,BA,Salvador,2023-10-13
2518,Fernanda Pereira 2518,RS,Porto Alegre,2023-01-19
2519,Rafael Santos 2519,PR,Curitiba,2024-12-15
2520,Mariana Pereira 2520,MG,Belo Horizonte,2023-11-07
2521,Igor Costa 2521,PE,Recife,2023-10-14
2522,Vanessa Rodrigues 2522,SC,Florianopolis,2023-05-20
2523,Igor Oliveira 2523,PE,Recife,2024-01-05
2524,Rafael Santos 2524,BA,Salvador,2024-12-13
2525,Fernanda Souza 2525,SP,Sao Paulo,2023-03-02
2526,Vanessa Almeida 2526,RJ,Rio de Janeiro,2023-08-06
2527,Helena Santos 2527,BA,Salvador,2024-04-19
2528,Renata Santos 2528,MG,Belo Horizonte,2025-02-25
2529,Daniela Silva 2529,SP,Sao Paulo,2024-05-27
2530,Mariana Silva 2530,RJ,Rio de Janeiro,2025-06-23
2531,Daniela Almeida 2531,MG,Belo Horizonte,2024-10-19
2532,Gabriel Souza 2532,SC,Florianopolis,2023-09-30
2533,Thiago Costa 2533,RS,Porto Alegre,2025-10-02
2534,Fernanda Rodrigues 2534,PR,Curitiba,2024-02-17
2535,Ana Santos 2535,PR,Curitiba,2023-06-26
2536,Eduardo Silva 2536,PR,Curitiba,2023-03-10
2537,Carlos Pereira 2537,BA,Salvador,2025-04-15
2538,Vanessa Souza 2538,MG,Belo Horizonte,2025-12-17
2539,Mariana Pereira 2539,PR,Curitiba,2025-08-28
2540,Thiago Rodrigues 2540,MG,Belo Horizonte,2023-05-18
2541,Carlos Oliveira 2541,SC,Florianopolis,2023-05-26
2542,Daniela Almeida 2542,RS,Porto Alegre,2023-07-26
2543,Lucas Silva 2543,PR,Curitiba,2023-04-16
2544,Igor Rodrigues 2544,PR,Curitiba,2024-08-16
2545,Fernanda Costa 2545,BA,Salvador,2023-05-20
2546,Helena Costa 2546,RJ,Rio de Janeiro,2025-12-30
2547,Daniela Almeida 2547,SC,Florianopolis,2023-04-27
2548,Bruno Pereira 2548,RS,Porto Alegre,2023-03-03
2549,Gabriel Pereira 2549,SC,Florianopolis,2024-06-18
2550,Gabriel Pereira 2550,SP,Sao Paulo,2023-10-13
2551,Vanessa Santos 2551,SP,Sao Paulo,2024-04-27
2552,Carlos Rodrigues 2552,SP,Sao Paulo,2024-12-09
2553,Eduardo Costa 2553,RJ,Rio de Janeiro,2025-09-07
2554,Bruno Almeida 2554,SP,Sao Paulo,2023-08-02
2555,Renata Almeida 2555,PR,Curitiba,2024-12-18
2556,Ana Silva 2556,RS,Porto Alegre,2024-04-11
2557,Rafael Silva 2557,SP,Sao Paulo,2024-02-06
2558,Rafael Rodrigues 2558,PE,Recife,2023-04-17
2559,Renata Oliveira 2559,MG,Belo Horizonte,2025-05-30
2560,Daniela Pereira 2560,RJ,Rio de Janeiro,2025-06-15
2561,Lucas Rodrigues 2561,BA,Salvador,2024-02-01
2562,Helena Santos 2562,SP,Sao Paulo,2024-05-02
2563,Renata Silva 2563,SP,Sao Paulo,2024-04-10
2564,Bruno Santos 2564,SP,Sao Paulo,2024-05-26
2565,Thiago Oliveira 2565,SP,Sao Paulo,2023-09-17
2566,Lucas Pereira 2566,RS,Porto Alegre,2023-03-31
2567,Eduardo Rodrigues 2567,PR,Curitiba,2024-08-21
2568,Carlos Santos 2568,PE,Recife,2023-09-08
2569,Vanessa Pereira 2569,RS,Porto Alegre,2024-02-26
2570,Juliana Pereira 2570,PR,Curitiba,2025-06-27
2571,Igor Pereira 2571,RS,Porto Alegre,2024-05-15
2572,Mariana Rodrigues 2572,RJ,Rio de Janeiro,2023-04-21
2573,Carlos Souza 2573,PE,Recife,2024-07-26
2574,Helena Costa 2574,MG,Belo Horizonte,2025-12-02
2575,Mariana Oliveira 2575,PR,Curitiba,2023-09-09
2576,Thiago Almeida 2576,SP,Sao Paulo,2024-04-26
2577,Vanessa Silva 2577,RJ,Rio de Janeiro,2023-02-13
2578,Rafael Costa 2578,RS,Porto Alegre,2024-07-23
2579,Igor Rodrigues 2579,RJ,Rio de Janeiro,2023-05-03
2580,Rafael Rodrigues 2580,PE,Recife,2023-02-08
2581,Helena Souza 2581,PE,Recife,2023-04-01
2582,Renata Silva 2582,SC,Florianopolis,2024-01-13
2583,Mariana Silva 2583,RS,Porto Alegre,2023-03-06
2584,Gabriel Silva 2584,BA,Salvador,2024-06-21
2585,Renata Silva 2585,BA,Salvador,2025-06-07
2586,Juliana Almeida 2586,RJ,Rio de Janeiro,2025-03-05
2587,Igor Oliveira 2587,SC,Florianopolis,2025-11-28
2588,Helena Oliveira 2588,SC,Florianopolis,2025-08-15
2589,Igor Santos 2589,SP,Sao Paulo,2024-07-28
2590,Lucas Rodrigues 2590,PR,Curitiba,2024-08-28
2591,Mariana Costa 2591,SP,Sao Paulo,2024-07-15
2592,Daniela Costa 2592,RS,Porto Alegre,2023-01-26
2593,Fernanda Almeida 2593,BA,Salvador,2024-06-25
2594,Thiago Silva 2594,PE,Recife,2023-02-05
2595,Mariana Almeida 2595,PE,Recife,2023-03-17
2596,Bruno Santos 2596,PR,Curitiba,2025-04-16
2597,Carlos Almeida 2597,RS,Porto Alegre,2024-10-05
2598,Igor Costa 2598,MG,Belo Horizonte,2024-06-12
2599,Helena Oliveira 2599,PE,Recife,2023-09-18
2600,Helena Santos 2600,MG,Belo Horizonte,2023-04-12
2601,Thiago Pereira 2601,SP,Sao Paulo,2024-01-13
2602,Bruno Costa 2602,SP,Sao Paulo,2024-04-11
2603,Mariana Silva 2603,RS,Porto Alegre,2023-02-03
2604,Daniela Santos 2604,PR,Curitiba,2024-12-17
2605,Carlos Souza 2605,PE,Recife,2023-08-20
2606,Mariana Rodrigues 2606,PR,Curitiba,2024-10-29
2607,Juliana Oliveira 2607,RJ,Rio de Janeiro,2025-05-23
2608,Mariana Pereira 2608,SP,Sao Paulo,2024-10-30
2609,Vanessa Costa 2609,SC,Florianopolis,2025-02-06
2610,Mariana Silva 2610,SP,Sao Paulo,2023-11-25
2611,Ana Santos 2611,RS,Porto Alegre,2023-11-04
2612,Mariana Souza 2612,PR,Curitiba,2024-10-03
2613,Eduardo Rodrigues 2613,SC,Florianopolis,2023-03-08
2614,Helena Rodrigues 2614,RJ,Rio de Janeiro,2023-06-08
2615,Bruno Almeida 2615,RJ,Rio de Janeiro,2025-12-16
2616,Igor Souza 2616,PE,Recife,2024-10-11
2617,Lucas Souza 2617,RS,Porto Alegre,2024-05-14
2618,Thiago Pereira 2618,BA,Salvador,2024-04-17
2619,Thiago Rodrigues 2619,RJ,Rio de Janeiro,2024-05-08
2620,Mariana Santos 2620,BA,Salvador,2023-06-13
2621,Helena Almeida 2621,BA,Salvador,2025-09-18
2622,Eduardo Souza 2622,SC,Florianopolis,2024-04-15
2623,Igor Costa 2623,SC,Florianopolis,2023-10-10
2624,Daniela Santos 2624,BA,Salvador,2024-10-04
2625,Eduardo Almeida 2625,SC,Florianopolis,2025-05-12
2626,Thiago Silva 2626,PR,Curitiba,2024-01-04
2627,Renata Costa 2627,MG,Belo Horizonte,2023-09-05
2628,Eduardo Silva 2628,PE,Recife,2023-07-26
2629,Fernanda Santos 2629,SC,Florianopolis,2023-02-19
2630,Rafael Rodrigues 2630,MG,Belo Horizonte,2025-11-20
2631,Rafael Souza 2631,BA,Salvador,2023-09-19
2632,Lucas Pereira 2632,RS,Porto Alegre,2023-09-01
2633,Carlos Pereira 2633,RJ,Rio de Janeiro,2023-04-03
2634,Thiago Rodrigues 2634,PE,Recife,2025-04-17
2635,Eduardo Oliveira 2635,RS,Porto Alegre,2025-09-04
2636,Ana Pereira 2636,RJ,Rio de Janeiro,2023-11-08
2637,Lucas Almeida 2637,PE,Recife,2025-02-15
2638,Igor Santos 2638,MG,Belo Horizonte,2025-11-07
2639,Vanessa Pereira 2639,PR,Curitiba,2024-08-31
2640,Renata Costa 2640,SP,Sao Paulo,2025-11-26
2641,Lucas Oliveira 2641,BA,Salvador,2025-02-25
2642,Gabriel Rodrigues 2642,MG,Belo Horizonte,2023-03-27
2643,Daniela Pereira 2643,RS,Porto Alegre,2024-10-05
2644,Daniela Costa 2644,RS,Porto Alegre,2023-12-06
2645,Thiago Souza 2645,RS,Porto Alegre,2025-09-23
2646,Igor Santos 2646,MG,Belo Horizonte,2024-08-13
2647,Eduardo Santos 2647,PR,Curitiba,2024-07-24
2648,Fernanda Silva 2648,PR,Curitiba,2025-11-07
2649,Ana Almeida 2649,SP,Sao Paulo,2024-02-04
2650,Gabriel Costa 2650,SP,Sao Paulo,2025-01-26
2651,Eduardo Almeida 2651,SC,Florianopolis,2025-06-30
2652,Daniela Almeida 2652,RS,Porto Alegre,2023-08-13
2653,Igor Santos 2653,SC,Florianopolis,2025-10-07
2654,Daniela Pereira 2654,MG,Belo Horizonte,2024-07-24
2655,Carlos Pereira 2655,RJ,Rio de Janeiro,2024-03-31
2656,Lucas Costa 2656,MG,Belo Horizonte,2025-11-04
2657,Carlos Pereira 2657,PE,Recife,2025-11-16
2658,Daniela Pereira 2658,SP,Sao Paulo,2025-06-06
2659,Ana Souza 2659,PR,Curitiba,2023-03-14
2660,Helena Souza 2660,MG,Belo Horizonte,2025-02-09
2661,Eduardo Almeida 2661,RS,Porto Alegre,2025-08-20
2662,Juliana Oliveira 2662,MG,Belo Horizonte,2025-10-14
2663,Gabriel Silva 2663,PR,Curitiba,2023-07-01
2664,Vanessa Souza 2664,SC,Florianopolis,2023-05-18
2665,Renata Costa 2665,MG,Belo Horizonte,2023-03-21
2666,Mariana Almeida 2666,SC,Florianopolis,2024-04-25
2667,Helena Costa 2667,MG,Belo Horizonte,2024-09-06
2668,Rafael Pereira 2668,PE,Recife,2025-09-30
2669,Daniela Souza 2669,PE,Recife,2024-08-28
2670,Renata Almeida 2670,RJ,Rio de Janeiro,2024-08-11
2671,Renata Santos 2671,BA,Salvador,2024-05-21
2672,Lucas Santos 2672,MG,Belo Horizonte,2025-08-09
2673,Eduardo Almeida 2673,BA,Salvador,2025-03-26
2674,Helena Silva 2674,PE,Recife,2025-04-23
2675,Gabriel Rodrigues 2675,RS,Porto Alegre,2024-07-02
2676,Igor Pereira 2676,SP,Sao Paulo,2024-10-23
2677,Thiago Rodrigues 2677,SC,Florianopolis,2025-03-12
2678,Bruno Costa 2678,SC,Florianopolis,2024-06-17
2679,Lucas Silva 2679,PE,Recife,2024-03-24
2680,Renata Souza 2680,RS,Porto Alegre,2025-07-05
2681,Gabriel Santos 2681,MG,Belo Horizonte,2026-01-02
2682,Ana Silva 2682,BA,Salvador,2023-09-22
2683,Lucas Pereira 2683,SC,Florianopolis,2023-07-04
2684,Gabriel Pereira 2684,RJ,Rio de Janeiro,2023-04-11
2685,Rafael Souza 2685,PR,Curitiba,2023-11-18
2686,Mariana Pereira 2686,RS,Porto Alegre,2023-11-27
2687,Helena Silva 2687,SC,Florianopolis,2024-03-17
2688,Daniela Rodrigues 2688,SP,Sao Paulo,2023-02-11
2689,Fernanda Costa 2689,PE,Recife,2023-03-28
2690,Helena Souza 2690,RS,Porto Alegre,2023-02-19
2691,Daniela Rodrigues 2691,SP,Sao Paulo,2024-07-11
2692,Igor Santos 2692,SC,Florianopolis,2023-09-26
2693,Renata Silva 2693,RJ,Rio de Janeiro,2023-06-01
2694,Daniela Rodrigues 2694,SP,Sao Paulo,2023-11-07
2695,Lucas Rodrigues 2695,PR,Curitiba,2024-10-01
2696,Igor Almeida 2696,SP,Sao Paulo,2024-09-10
2697,Igor Almeida 2697,PR,Curitiba,2023-07-24
2698,Renata Santos 2698,SC,Florianopolis,2024-08-19
2699,Igor Almeida 2699,PR,Curitiba,2025-04-12
2700,Helena Rodrigues 2700,RS,Porto Alegre,2025-12-28
2701,Rafael Pereira 2701,SP,Sao Paulo,2025-10-14
2702,Helena Silva 2702,RJ,Rio de Janeiro,2025-07-15
2703,Thiago Pereira 2703,SC,Florianopolis,2024-04-20
2704,Juliana Pereira 2704,PE,Recife,2023-08-12
2705,Daniela Oliveira 2705,MG,Belo Horizonte,2023-06-21
2706,Helena Santos 2706,PR,Curitiba,2025-09-30
2707,Vanessa Souza 2707,MG,Belo Horizonte,2025-04-05
2708,Igor Rodrigues 2708,SP,Sao Paulo,2025-10-07
2709,Eduardo Silva 2709,RS,Porto Alegre,2024-11-22
2710,Ana Costa 2710,BA,Salvador,2025-04-12
2711,Vanessa Pereira 2711,PR,Curitiba,2025-09-27
2712,Thiago Almeida 2712,PR,Curitiba,2024-10-21
2713,Renata Santos 2713,RJ,Rio de Janeiro,2023-08-04
2714,Ana Oliveira 2714,SC,Florianopolis,2023-09-18
2715,Gabriel Almeida 2715,RJ,Rio de Janeiro,2023-12-07
2716,Renata Almeida 2716,RJ,Rio de Janeiro,2023-03-21
2717,Vanessa Oliveira 2717,MG,Belo Horizonte,2025-12-10
2718,Ana Costa 2718,SC,Florianopolis,2025-03-28
2719,Juliana Costa 2719,RJ,Rio de Janeiro,2025-06-10
2720,Fernanda Oliveira 2720,BA,Salvador,2025-01-31
2721,Gabriel Pereira 2721,RS,Porto Alegre,2025-12-07
2722,Thiago Souza 2722,RS,Porto Alegre,2025-08-24
2723,Fernanda Almeida 2723,BA,Salvador,2023-10-05
2724,Renata Oliveira 2724,SP,Sao Paulo,2024-10-12
2725,Carlos Silva 2725,MG,Belo Horizonte,2025-08-21
2726,Gabriel Santos 2726,RS,Porto Alegre,2024-01-20
2727,Daniela Silva 2727,PE,Recife,2024-11-08
2728,Carlos Pereira 2728,PE,Recife,2023-11-17
2729,Ana Souza 2729,PR,Curitiba,2024-12-07
2730,Renata Costa 2730,RS,Porto Alegre,2024-08-05
2731,Igor Souza 2731,BA,Salvador,2025-04-05
2732,Daniela Souza 2732,RJ,Rio de Janeiro,2023-11-09
2733,Igor Santos 2733,RS,Porto Alegre,2024-01-01
2734,Rafael Pereira 2734,MG,Belo Horizonte,2025-12-05
2735,Gabriel Oliveira 2735,RS,Porto Alegre,2025-08-27
2736,Gabriel Santos 2736,SP,Sao Paulo,2024-04-19
2737,Fernanda Almeida 2737,MG,Belo Horizonte,2023-10-21
2738,Carlos Silva 2738,SP,Sao Paulo,2024-10-24
2739,Thiago Rodrigues 2739,MG,Belo Horizonte,2025-11-13
2740,Juliana Santos 2740,PE,Recife,2024-10-31
2741,Rafael Rodrigues 2741,PR,Curitiba,2025-03-16
2742,Juliana Pereira 2742,PE,Recife,2024-12-28
2743,Fernanda Costa 2743,RJ,Rio de Janeiro,2024-03-14
2744,Thiago Almeida 2744,MG,Belo Horizonte,2025-06-14
2745,Renata Pereira 2745,RS,Porto Alegre,2023-09-04
2746,Mariana Almeida 2746,MG,Belo Horizonte,2023-02-21
2747,Gabriel Souza 2747,BA,Salvador,2025-05-18
2748,Fernanda Silva 2748,SC,Florianopolis,2025-02-05
2749,Mariana Souza 2749,PR,Curitiba,2025-06-24
2750,Lucas Santos 2750,SP,Sao Paulo,2024-09-27
2751,Ana Costa 2751,BA,Salvador,2024-06-03
2752,Vanessa Rodrigues 2752,SP,Sao Paulo,2024-07-17
2753,Igor Silva 2753,SP,Sao Paulo,2024-06-02
2754,Thiago Almeida 2754,SP,Sao Paulo,2025-08-22
2755,Daniela Silva 2755,MG,Belo Horizonte,2025-08-27
2756,Eduardo Oliveira 2756,BA,Salvador,2023-03-01
2757,Renata Santos 2757,MG,Belo Horizonte,2023-06-19
2758,Bruno Pereira 2758,SP,Sao Paulo,2025-06-27
2759,Gabriel Silva 2759,RJ,Rio de Janeiro,2024-07-22
2760,Fernanda Pereira 2760,BA,Salvador,2024-10-10
2761,Renata Silva 2761,SP,Sao Paulo,2025-04-05
2762,Eduardo Costa 2762,RJ,Rio de Janeiro,2024-01-31
2763,Thiago Silva 2763,RJ,Rio de Janeiro,2023-12-20
2764,Renata Oliveira 2764,RS,Porto Alegre,2024-02-11
2765,Igor Pereira 2765,SP,Sao Paulo,2024-09-29
2766,Thiago Santos 2766,RJ,Rio de Janeiro,2024-11-30
2767,Daniela Santos 2767,PE,Recife,2023-06-30
2768,Fernanda Pereira 2768,MG,Belo Horizonte,2023-06-26
2769,Ana Souza 2769,SP,Sao Paulo,2023-12-13
2770,Carlos Souza 2770,BA,Salvador,2025-07-31
2771,Eduardo Costa 2771,RS,Porto Alegre,2024-01-27
2772,Juliana Oliveira 2772,SP,Sao Paulo,2025-02-15
2773,Lucas Rodrigues 2773,RS,Porto Alegre,2023-10-15
2774,Igor Souza 2774,PR,Curitiba,2024-01-21
2775,Igor Almeida 2775,MG,Belo Horizonte,2024-08-27
2776,Vanessa Pereira 2776,RS,Porto Alegre,2023-07-09
2777,Thiago Oliveira 2777,BA,Salvador,2024-12-15
2778,Eduardo Souza 2778,SP,Sao Paulo,2025-02-28
2779,Juliana Souza 2779,SC,Florianopolis,2024-12-11
2780,Igor Santos 2780,BA,Salvador,2025-10-28
2781,Gabriel Almeida 2781,PR,Curitiba,2024-06-12
2782,Daniela Oliveira 2782,RS,Porto Alegre,2023-03-06
2783,Thiago Pereira 2783,PE,Recife,2023-10-14
2784,Bruno Pereira 2784,BA,Salvador,2025-02-12
2785,Ana Oliveira 2785,RJ,Rio de Janeiro,2025-01-04
2786,Lucas Pereira 2786,SC,Florianopolis,2025-08-31
2787,Mariana Costa 2787,RJ,Rio de Janeiro,2024-01-19
2788,Fernanda Silva 2788,MG,Belo Horizonte,2025-08-14
2789,Renata Rodrigues 2789,PE,Recife,2025-07-23
2790,Igor Pereira 2790,PE,Recife,2024-05-13
2791,Rafael Costa 2791,BA,Salvador,2025-09-15
2792,Daniela Rodrigues 2792,SP,Sao Paulo,2024-04-24
2793,Rafael Silva 2793,SC,Florianopolis,2024-07-05
2794,Fernanda Costa 2794,MG,Belo Horizonte,2025-11-14
2795,Eduardo Pereira 2795,PR,Curitiba,2023-10-13
2796,Juliana Oliveira 2796,SP,Sao Paulo,2023-07-05
2797,Rafael Oliveira 2797,BA,Salvador,2025-07-28
2798,Eduardo Souza 2798,PE,Recife,2023-01-02
2799,Juliana Santos 2799,MG,Belo Horizonte,2024-09-09
2800,Gabriel Rodrigues 2800,MG,Belo Horizonte,2024-04-28
2801,Eduardo Pereira 2801,RJ,Rio de Janeiro,2024-05-16
2802,Fernanda Pereira 2802,SP,Sao Paulo,2025-09-04
2803,Rafael Souza 2803,RJ,Rio de Janeiro,2025-08-22
2804,Thiago Souza 2804,PE,Recife,2025-02-09
2805,Eduardo Pereira 2805,RJ,Rio de Janeiro,2025-03-04
2806,Lucas Costa 2806,MG,Belo Horizonte,2025-03-29
2807,Carlos Pereira 2807,SC,Florianopolis,2025-03-17
2808,Helena Oliveira 2808,PE,Recife,2023-02-25
2809,Mariana Pereira 2809,PR,Curitiba,2025-01-25
2810,Carlos Souza 2810,SP,Sao Paulo,2025-03-26
2811,Gabriel Silva 2811,MG,Belo Horizonte,2025-10-20
2812,Renata Santos 2812,PR,Curitiba,2024-09-10
2813,Fernanda Rodrigues 2813,BA,Salvador,2025-02-25
2814,Juliana Rodrigues 2814,MG,Belo Horizonte,2024-08-06
2815,Igor Rodrigues 2815,PE,Recife,2023-03-13
2816,Rafael Santos 2816,MG,Belo Horizonte,2023-12-01
2817,Mariana Santos 2817,PE,Recife,2023-06-19
2818,Fernanda Pereira 2818,SC,Florianopolis,2023-01-26
2819,Rafael Almeida 2819,MG,Belo Horizonte,2025-11-04
2820,Rafael Rodrigues 2820,SP,Sao Paulo,2025-09-22
2821,Renata Costa 2821,SP,Sao Paulo,2024-09-12
2822,Mariana Almeida 2822,RJ,Rio de Janeiro,2025-07-11
2823,Mariana Santos 2823,BA,Salvador,2025-12-31
2824,Rafael Santos 2824,MG,Belo Horizonte,2025-05-18
2825,Lucas Costa 2825,MG,Belo Horizonte,2023-01-15
2826,Thiago Rodrigues 2826,PR,Curitiba,2025-11-20
2827,Juliana Silva 2827,SP,Sao Paulo,2025-08-09
2828,Thiago Pereira 2828,RJ,Rio de Janeiro,2025-09-29
2829,Igor Rodrigues 2829,SP,Sao Paulo,2025-01-26
2830,Ana Costa 2830,BA,Salvador,2024-08-29
2831,Mariana Rodrigues 2831,MG,Belo Horizonte,2024-08-23
2832,Lucas Costa 2832,SP,Sao Paulo,2025-07-03
2833,Mariana Silva 2833,SP,Sao Paulo,2023-08-17
2834,Fernanda Santos 2834,SC,Florianopolis,2024-05-24
2835,Eduardo Almeida 2835,RJ,Rio de Janeiro,2023-09-16
2836,Mariana Almeida 2836,SC,Florianopolis,2024-07-16
2837,Thiago Silva 2837,PR,Curitiba,2025-12-08
2838,Mariana Silva 2838,RJ,Rio de Janeiro,2024-10-30
2839,Rafael Santos 2839,MG,Belo Horizonte,2023-07-27
2840,Renata Rodrigues 2840,BA,Salvador,2024-09-10
2841,Igor Santos 2841,SP,Sao Paulo,2024-01-12
2842,Gabriel Costa 2842,SC,Florianopolis,2023-08-27
2843,Helena Silva 2843,RS,Porto Alegre,2025-11-18
2844,Gabriel Rodrigues 2844,BA,Salvador,2025-08-26
2845,Igor Silva 2845,RS,Porto Alegre,2024-01-16
2846,Juliana Costa 2846,SC,Florianopolis,2024-01-07
2847,Gabriel Silva 2847,SP,Sao Paulo,2025-04-13
2848,Igor Costa 2848,SC,Florianopolis,2023-09-23
2849,Daniela Souza 2849,PE,Recife,2024-10-13
2850,Lucas Souza 2850,PR,Curitiba,2023-02-07
2851,Thiago Rodrigues 2851,RJ,Rio de Janeiro,2024-08-12
2852,Vanessa Silva 2852,BA,Salvador,2025-03-07
2853,Lucas Pereira 2853,BA,Salvador,2024-11-28
2854,Thiago Almeida 2854,PE,Recife,2023-11-07
2855,Fernanda Rodrigues 2855,PR,Curitiba,2025-12-26
2856,Bruno Santos 2856,RS,Porto Alegre,2025-04-05
2857,Carlos Souza 2857,PE,Recife,2024-12-08
2858,Juliana Pereira 2858,BA,Salvador,2024-09-14
2859,Ana Oliveira 2859,PE,Recife,2025-08-15
2860,Renata Rodrigues 2860,MG,Belo Horizonte,2024-12-21
2861,Vanessa Souza 2861,SP,Sao Paulo,2024-08-04
2862,Eduardo Rodrigues 2862,SC,Florianopolis,2026-01-05
2863,Rafael Souza 2863,RJ,Rio de Janeiro,2023-07-18
2864,Juliana Oliveira 2864,PR,Curitiba,2023-08-15
2865,Renata Pereira 2865,MG,Belo Horizonte,2025-04-01
2866,Igor Pereira 2866,PR,Curitiba,2025-05-06
2867,Lucas Rodrigues 2867,BA,Salvador,2023-08-05
2868,Vanessa Almeida 2868,PR,Curitiba,2025-04-07
2869,Fernanda Oliveira 2869,RS,Porto Alegre,2025-07-09
2870,Ana Pereira 2870,SC,Florianopolis,2024-08-13
2871,Daniela Rodrigues 2871,PE,Recife,2023-12-19
2872,Renata Souza 2872,SC,Florianopolis,2025-05-06
2873,Eduardo Santos 2873,SP,Sao Paulo,2024-04-04
2874,Lucas Souza 2874,SC,Florianopolis,2023-02-16
2875,Carlos Pereira 2875,MG,Belo Horizonte,2025-08-24
2876,Gabriel Oliveira 2876,SP,Sao Paulo,2025-03-08
2877,Helena Oliveira 2877,PE,Recife,2025-01-25
2878,Lucas Oliveira 2878,PE,Recife,2024-02-14
2879,Ana Souza 2879,RS,Porto Alegre,2023-05-13
2880,Helena Almeida 2880,PE,Recife,2025-07-29
2881,Thiago Santos 2881,PR,Curitiba,2023-12-29
2882,Helena Almeida 2882,BA,Salvador,2023-11-23
2883,Bruno Rodrigues 2883,RJ,Rio de Janeiro,2023-01-15
2884,Carlos Rodrigues 2884,PE,Recife,2025-02-28
2885,Daniela Silva 2885,RS,Porto Alegre,2026-01-05
2886,Bruno Costa 2886,PE,Recife,2025-09-11
2887,Mariana Rodrigues 2887,SC,Florianopolis,2023-03-23
2888,Daniela Santos 2888,PE,Recife,2025-05-27
2889,Daniela Oliveira 2889,MG,Belo Horizonte,2024-06-21
2890,Lucas Oliveira 2890,BA,Salvador,2025-04-25
2891,Gabriel Costa 2891,PR,Curitiba,2025-09-15
2892,Carlos Almeida 2892,RJ,Rio de Janeiro,2024-11-06
2893,Igor Pereira 2893,PE,Recife,2024-05-16
2894,Lucas Almeida 2894,RS,Porto Alegre,2025-06-29
2895,Bruno Oliveira 2895,RS,Porto Alegre,2024-07-17
2896,Juliana Silva 2896,MG,Belo Horizonte,2025-12-04
2897,Mariana Costa 2897,PR,Curitiba,2025-01-29
2898,Juliana Almeida 2898,RS,Porto Alegre,2023-11-21
2899,Eduardo Oliveira 2899,PE,Recife,2024-08-26
2900,Rafael Costa 2900,MG,Belo Horizonte,2024-08-21
2901,Gabriel Costa 2901,PR,Curitiba,2023-02-27
2902,Igor Pereira 2902,MG,Belo Horizonte,2023-01-25
2903,Fernanda Pereira 2903,SC,Florianopolis,2025-09-03
2904,Lucas Pereira 2904,MG,Belo Horizonte,2025-10-23
2905,Fernanda Almeida 2905,SC,Florianopolis,2025-09-20
2906,Rafael Silva 2906,MG,Belo Horizonte,2025-09-18
2907,Helena Costa 2907,RJ,Rio de Janeiro,2024-12-02
2908,Eduardo Costa 2908,PR,Curitiba,2024-04-04
2909,Mariana Almeida 2909,RJ,Rio de Janeiro,2024-02-08
2910,Helena Souza 2910,PE,Recife,2023-01-25
2911,Rafael Santos 2911,BA,Salvador,2023-03-09
2912,Carlos Costa 2912,BA,Salvador,2025-11-05
2913,Thiago Souza 2913,RJ,Rio de Janeiro,2023-04-25
2914,Fernanda Souza 2914,PR,Curitiba,2024-06-08
2915,Fernanda Silva 2915,PR,Curitiba,2025-07-23
2916,Carlos Souza 2916,RS,Porto Alegre,2024-07-22
2917,Juliana Silva 2917,RJ,Rio de Janeiro,2023-09-29
2918,Helena Almeida 2918,PR,Curitiba,2024-04-11
2919,Bruno Pereira 2919,PE,Recife,2023-07-21
2920,Vanessa Santos 2920,RJ,Rio de Janeiro,2024-02-07
2921,Vanessa Souza 2921,PE,Recife,2023-06-20
2922,Vanessa Costa 2922,RJ,Rio de Janeiro,2024-03-16
2923,Daniela Almeida 2923,SP,Sao Paulo,2025-05-30
2924,Ana Costa 2924,PR,Curitiba,2025-07-23
2925,Vanessa Oliveira 2925,SC,Florianopolis,2024-07-08
2926,Vanessa Costa 2926,BA,Salvador,2025-11-04
2927,Helena Pereira 2927,RS,Porto Alegre,2024-06-25
2928,Juliana Almeida 2928,RS,Porto Alegre,2025-10-27
2929,Vanessa Silva 2929,RJ,Rio de Janeiro,2024-01-09
2930,Vanessa Almeida 2930,BA,Salvador,2025-11-09
2931,Carlos Rodrigues 2931,MG,Belo Horizonte,2024-01-02
2932,Thiago Pereira 2932,RS,Porto Alegre,2023-07-13
2933,Daniela Souza 2933,MG,Belo Horizonte,2024-02-01
2934,Juliana Pereira 2934,PR,Curitiba,2024-09-21
2935,Juliana Souza 2935,PE,Recife,2023-07-30
2936,Fernanda Souza 2936,MG,Belo Horizonte,2024-10-25
2937,Fernanda Oliveira 2937,SC,Florianopolis,2023-12-18
2938,Vanessa Rodrigues 2938,BA,Salvador,2025-11-23
2939,Igor Almeida 2939,RS,Porto Alegre,2024-04-13
2940,Eduardo Costa 2940,RS,Porto Alegre,2025-01-29
2941,Lucas Almeida 2941,BA,Salvador,2024-12-25
2942,Rafael Rodrigues 2942,RS,Porto Alegre,2025-05-21
2943,Bruno Rodrigues 2943,SP,Sao Paulo,2025-04-07
2944,Thiago Costa 2944,BA,Salvador,2023-10-14
2945,Gabriel Costa 2945,SP,Sao Paulo,2024-02-19
2946,Ana Pereira 2946,RS,Porto Alegre,2025-02-03
2947,Lucas Souza 2947,SC,Florianopolis,2025-02-22
2948,Thiago Costa 2948,PR,Curitiba,2025-10-27
2949,Helena Oliveira 2949,RJ,Rio de Janeiro,2023-06-02
2950,Vanessa Silva 2950,BA,Salvador,2025-09-09
2951,Helena Costa 2951,SC,Florianopolis,2025-09-24
2952,Daniela Silva 2952,SC,Florianopolis,2023-05-02
2953,Mariana Almeida 2953,BA,Salvador,2024-07-19
2954,Vanessa Oliveira 2954,RS,Porto Alegre,2023-08-16
2955,Renata Oliveira 2955,RJ,Rio de Janeiro,2024-10-26
2956,Gabriel Santos 2956,MG,Belo Horizonte,2024-09-04
2957,Lucas Costa 2957,PE,Recife,2024-05-17
2958,Eduardo Santos 2958,RS,Porto Alegre,2023-02-14
2959,Thiago Souza 2959,BA,Salvador,2025-01-09
2960,Thiago Souza 2960,MG,Belo Horizonte,2024-10-19
2961,Lucas Souza 2961,PE,Recife,2025-01-11
2962,Ana Oliveira 2962,RS,Porto Alegre,2024-06-06
2963,Renata Rodrigues 2963,RJ,Rio de Janeiro,2025-04-21
2964,Bruno Pereira 2964,PE,Recife,2023-04-09
2965,Bruno Pereira 2965,SP,Sao Paulo,2025-06-14
2966,Lucas Santos 2966,PE,Recife,2024-08-01
2967,Daniela Oliveira 2967,RJ,Rio de Janeiro,2023-07-08
2968,Gabriel Santos 2968,RJ,Rio de Janeiro,2025-08-17
2969,Thiago Almeida 2969,SC,Florianopolis,2024-07-21
2970,Carlos Oliveira 2970,MG,Belo Horizonte,2024-11-07
2971,Renata Silva 2971,BA,Salvador,2025-07-18
2972,Ana Rodrigues 2972,SC,Florianopolis,2024-08-24
2973,Helena Pereira 2973,SP,Sao Paulo,2023-01-18
2974,Igor Souza 2974,SC,Florianopolis,2023-11-05
2975,Thiago Souza 2975,BA,Salvador,2025-12-26
2976,Gabriel Oliveira 2976,BA,Salvador,2023-11-09
2977,Fernanda Santos 2977,PR,Curitiba,2024-09-23
2978,Bruno Oliveira 2978,SP,Sao Paulo,2025-12-28
2979,Lucas Pereira 2979,BA,Salvador,2023-05-22
2980,Gabriel Costa 2980,PR,Curitiba,2024-03-03
2981,Igor Souza 2981,MG,Belo Horizonte,2025-05-18
2982,Ana Oliveira 2982,PR,Curitiba,2024-12-28
2983,Rafael Silva 2983,PE,Recife,2023-09-10
2984,Rafael Silva 2984,PE,Recife,2024-03-03
2985,Rafael Souza 2985,PE,Recife,2025-06-17
2986,Daniela Santos 2986,PR,Curitiba,2025-02-18
2987,Daniela Oliveira 2987,MG,Belo Horizonte,2025-11-03
2988,Vanessa Pereira 2988,PR,Curitiba,2023-09-04
2989,Gabriel Souza 2989,BA,Salvador,2025-04-30
2990,Mariana Almeida 2990,RJ,Rio de Janeiro,2025-11-04
2991,Daniela Almeida 2991,RS,Porto Alegre,2025-11-07
2992,Rafael Rodrigues 2992,SP,Sao Paulo,2023-01-15
2993,Mariana Pereira 2993,SC,Florianopolis,2023-07-24
2994,Renata Costa 2994,RS,Porto Alegre,2023-05-14
2995,Rafael Almeida 2995,PR,Curitiba,2023-06-22
2996,Lucas Silva 2996,SP,Sao Paulo,2024-07-16
2997,Fernanda Silva 2997,MG,Belo Horizonte,2024-05-24
2998,Eduardo Oliveira 2998,MG,Belo Horizonte,2025-11-28
2999,Bruno Souza 2999,PE,Recife,2023-03-21
3000,Renata Oliveira 3000,RS,Porto Alegre,2025-01-31
3001,Fernanda Oliveira 3001,SC,Florianopolis,2023-12-20
3002,Daniela Oliveira 3002,MG,Belo Horizonte,2025-01-17
3003,Gabriel Costa 3003,SP,Sao Paulo,2025-10-15
3004,Igor Pereira 3004,SC,Florianopolis,2025-02-03
3005,Lucas Silva 3005,SP,Sao Paulo,2023-02-22
3006,Eduardo Rodrigues 3006,PE,Recife,2023-03-12
3007,Fernanda Oliveira 3007,SP,Sao Paulo,2025-02-11
3008,Mariana Souza 3008,RJ,Rio de Janeiro,2023-01-31
3009,Carlos Santos 3009,RJ,Rio de Janeiro,2025-05-09
3010,Renata Almeida 3010,PE,Recife,2025-08-09
3011,Juliana Almeida 3011,MG,Belo Horizonte,2023-01-02
3012,Eduardo Pereira 3012,PE,Recife,2024-06-10
3013,Vanessa Almeida 3013,BA,Salvador,2023-07-17
3014,Helena Oliveira 3014,PR,Curitiba,2023-09-15
3015,Carlos Santos 3015,MG,Belo Horizonte,2024-04-06
3016,Daniela Souza 3016,SC,Florianopolis,2024-08-01
3017,Fernanda Costa 3017,PR,Curitiba,2024-05-28
3018,Igor Oliveira 3018,BA,Salvador,2025-08-04
3019,Mariana Oliveira 3019,BA,Salvador,2025-05-14
3020,Bruno Souza 3020,SP,Sao Paulo,2025-02-27
3021,Eduardo Silva 3021,MG,Belo Horizonte,2023-01-30
3022,Rafael Pereira 3022,PR,Curitiba,2023-11-28
3023,Vanessa Pereira 3023,SP,Sao Paulo,2025-09-11
3024,Thiago Souza 3024,PR,Curitiba,2025-04-10
3025,Thiago Santos 3025,PE,Recife,2024-06-22
3026,Lucas Pereira 3026,RS,Porto Alegre,2025-11-19
3027,Lucas Almeida 3027,MG,Belo Horizonte,2024-06-06
3028,Lucas Costa 3028,PE,Recife,2023-07-17
3029,Renata Silva 3029,RJ,Rio de Janeiro,2025-01-18
3030,Helena Almeida 3030,MG,Belo Horizonte,2023-07-13
3031,Juliana Oliveira 3031,RJ,Rio de Janeiro,2023-09-04
3032,Thiago Rodrigues 3032,BA,Salvador,2024-09-20
3033,Fernanda Rodrigues 3033,RJ,Rio de Janeiro,2025-10-30
3034,Helena Silva 3034,PR,Curitiba,2023-10-18
3035,Eduardo Silva 3035,PR,Curitiba,2024-12-25
3036,Fernanda Pereira 3036,BA,Salvador,2024-04-16
3037,Fernanda Souza 3037,MG,Belo Horizonte,2023-07-25
3038,Gabriel Costa 3038,MG,Belo Horizonte,2025-05-18
3039,Juliana Rodrigues 3039,SP,Sao Paulo,2025-03-31
3040,Thiago Pereira 3040,SC,Florianopolis,2025-09-02
3041,Ana Santos 3041,MG,Belo Horizonte,2024-09-06
3042,Gabriel Santos 3042,RS,Porto Alegre,2024-09-30
3043,Eduardo Oliveira 3043,SP,Sao Paulo,2025-04-20
3044,Helena Rodrigues 3044,PE,Recife,2023-11-25
3045,Rafael Souza 3045,MG,Belo Horizonte,2025-05-08
3046,Carlos Souza 3046,PR,Curitiba,2024-12-18
3047,Rafael Santos 3047,RS,Porto Alegre,2023-10-15
3048,Thiago Oliveira 3048,MG,Belo Horizonte,2024-02-26
3049,Ana Santos 3049,RS,Porto Alegre,2024-11-01
3050,Daniela Almeida 3050,RS,Porto Alegre,2025-12-09
3051,Juliana Santos 3051,PR,Curitiba,2025-06-16
3052,Carlos Pereira 3052,PE,Recife,2023-11-11
3053,Rafael Costa 3053,RS,Porto Alegre,2023-03-25
3054,Renata Oliveira 3054,RJ,Rio de Janeiro,2025-08-13
3055,Helena Santos 3055,PE,Recife,2024-08-19
3056,Helena Almeida 3056,RJ,Rio de Janeiro,2025-01-12
3057,Bruno Santos 3057,SC,Florianopolis,2025-05-13
3058,Igor Pereira 3058,RS,Porto Alegre,2024-07-18
3059,Mariana Santos 3059,SC,Florianopolis,2024-05-29
3060,Vanessa Souza 3060,SP,Sao Paulo,2023-07-27
3061,Renata Costa 3061,PE,Recife,2024-03-29
3062,Rafael Rodrigues 3062,RJ,Rio de Janeiro,2025-09-26
3063,Daniela Santos 3063,SP,Sao Paulo,2023-08-09
3064,Mariana Rodrigues 3064,RJ,Rio de Janeiro,2024-05-03
3065,Mariana Almeida 3065,SC,Florianopolis,2023-03-23
3066,Bruno Rodrigues 3066,PE,Recife,2025-12-06
3067,Gabriel Oliveira 3067,SC,Florianopolis,2023-02-22
3068,Daniela Costa 3068,SP,Sao Paulo,2024-11-04
3069,Thiago Costa 3069,SC,Florianopolis,2023-02-28
3070,Mariana Souza 3070,BA,Salvador,2024-12-05
3071,Bruno Pereira 3071,RS,Porto Alegre,2025-07-02
3072,Fernanda Souza 3072,PE,Recife,2024-06-22
3073,Mariana Oliveira 3073,BA,Salvador,2025-04-01
3074,Lucas Pereira 3074,PE,Recife,2023-07-02
3075,Juliana Santos 3075,PR,Curitiba,2024-10-10
3076,Lucas Almeida 3076,RJ,Rio de Janeiro,2025-04-11
3077,Gabriel Costa 3077,MG,Belo Horizonte,2025-02-22
3078,Lucas Almeida 3078,PE,Recife,2024-12-19
3079,Fernanda Pereira 3079,BA,Salvador,2023-11-23
3080,Gabriel Costa 3080,SP,Sao Paulo,2023-08-17
3081,Rafael Santos 3081,RS,Porto Alegre,2023-12-31
3082,Carlos Rodrigues 3082,PR,Curitiba,2023-07-11
3083,Lucas Pereira 3083,RS,Porto Alegre,2023-10-26
3084,Rafael Santos 3084,SC,Florianopolis,2023-09-30
3085,Lucas Souza 3085,RS,Porto Alegre,2023-06-18
3086,Helena Oliveira 3086,PE,Recife,2023-03-25
3087,Vanessa Souza 3087,RS,Porto Alegre,2023-02-23
3088,Helena Almeida 3088,PR,Curitiba,2024-05-17
3089,Ana Costa 3089,PR,Curitiba,2023-10-25
3090,Vanessa Almeida 3090,PR,Curitiba,2023-02-12
3091,Renata Oliveira 3091,SC,Florianopolis,2024-01-29
3092,Igor Pereira 3092,SC,Florianopolis,2025-03-03
3093,Mariana Pereira 3093,RS,Porto Alegre,2025-06-02
3094,Mariana Santos 3094,PR,Curitiba,2024-10-17
3095,Helena Oliveira 3095,MG,Belo Horizonte,2024-10-20
3096,Vanessa Pereira 3096,RJ,Rio de Janeiro,2025-11-05
3097,Mariana Souza 3097,RJ,Rio de Janeiro,2024-04-11
3098,Bruno Almeida 3098,PE,Recife,2024-07-05
3099,Renata Santos 3099,PE,Recife,2025-10-15
3100,Thiago Silva 3100,MG,Belo Horizonte,2023-02-15
3101,Eduardo Santos 3101,BA,Salvador,2025-09-03
3102,Igor Costa 3102,BA,Salvador,2023-05-14
3103,Renata Oliveira 3103,SP,Sao Paulo,2025-10-02
3104,Thiago Costa 3104,SC,Florianopolis,2024-03-16
3105,Helena Rodrigues 3105,RS,Porto Alegre,2024-11-07
3106,Ana Silva 3106,MG,Belo Horizonte,2024-10-06
3107,Carlos Santos 3107,BA,Salvador,2023-09-03
3108,Gabriel Souza 3108,SC,Florianopolis,2023-11-27
3109,Ana Almeida 3109,MG,Belo Horizonte,2024-01-07
3110,Carlos Santos 3110,RJ,Rio de Janeiro,2024-11-10
3111,Renata Rodrigues 3111,SC,Florianopolis,2025-03-04
3112,Lucas Oliveira 3112,PE,Recife,2023-10-11
3113,Mariana Oliveira 3113,RJ,Rio de Janeiro,2024-09-29
3114,Vanessa Santos 3114,SC,Florianopolis,2024-05-31
3115,Rafael Souza 3115,MG,Belo Horizonte,2024-06-17
3116,Carlos Pereira 3116,PR,Curitiba,2024-12-20
3117,Igor Silva 3117,PE,Recife,2023-07-12
3118,Mariana Santos 3118,SP,Sao Paulo,2023-05-02
3119,Ana Silva 3119,MG,Belo Horizonte,2023-01-04
3120,Juliana Silva 3120,BA,Salvador,2025-02-26
3121,Fernanda Souza 3121,BA,Salvador,2023-05-23
3122,Gabriel Pereira 3122,PE,Recife,2024-01-08
3123,Mariana Oliveira 3123,RJ,Rio de Janeiro,2023-11-13
3124,Eduardo Almeida 3124,PE,Recife,2023-12-30
3125,Daniela Costa 3125,SP,Sao Paulo,2023-03-21
3126,Mariana Oliveira 3126,RS,Porto Alegre,2023-08-09
3127,Vanessa Souza 3127,MG,Belo Horizonte,2023-07-24
3128,Thiago Rodrigues 3128,MG,Belo Horizonte,2024-11-21
3129,Carlos Pereira 3129,PE,Recife,2023-08-27
3130,Eduardo Souza 3130,PR,Curitiba,2025-01-18
3131,Rafael Silva 3131,PE,Recife,2024-01-21
3132,Vanessa Santos 3132,BA,Salvador,2023-05-01
3133,Rafael Souza 3133,RJ,Rio de Janeiro,2024-10-18
3134,Eduardo Almeida 3134,RS,Porto Alegre,2024-10-18
3135,Renata Rodrigues 3135,PR,Curitiba,2024-08-22
3136,Carlos Almeida 3136,SC,Florianopolis,2025-02-11
3137,Daniela Pereira 3137,SP,Sao Paulo,2025-10-03
3138,Juliana Almeida 3138,PE,Recife,2025-03-07
3139,Bruno Souza 3139,RS,Porto Alegre,2023-04-23
3140,Fernanda Pereira 3140,RJ,Rio de Janeiro,2024-09-20
3141,Ana Silva 3141,SP,Sao Paulo,2025-12-30
3142,Gabriel Pereira 3142,RS,Porto Alegre,2025-02-27
3143,Fernanda Pereira 3143,SP,Sao Paulo,2025-06-07
3144,Daniela Almeida 3144,SP,Sao Paulo,2024-03-15
3145,Lucas Santos 3145,MG,Belo Horizonte,2024-03-29
3146,Gabriel Silva 3146,PR,Curitiba,2025-10-11
3147,Gabriel Santos 3147,SP,Sao Paulo,2025-02-20
3148,Helena Pereira 3148,RS,Porto Alegre,2023-01-10
3149,Helena Pereira 3149,MG,Belo Horizonte,2025-03-09
3150,Eduardo Oliveira 3150,SC,Florianopolis,2023-04-02
3151,Renata Costa 3151,PR,Curitiba,2024-06-12
3152,Renata Silva 3152,PR,Curitiba,2024-07-12
3153,Rafael Costa 3153,SC,Florianopolis,2025-04-27
3154,Igor Silva 3154,PR,Curitiba,2025-09-26
3155,Thiago Oliveira 3155,SC,Florianopolis,2023-03-27
3156,Daniela Santos 3156,PR,Curitiba,2023-05-25
3157,Carlos Oliveira 3157,MG,Belo Horizonte,2025-09-27
3158,Igor Rodrigues 3158,BA,Salvador,2023-12-09
3159,Juliana Costa 3159,RS,Porto Alegre,2026-01-03
3160,Daniela Rodrigues 3160,RS,Porto Alegre,2023-08-11
3161,Vanessa Souza 3161,PR,Curitiba,2023-06-27
3162,Bruno Almeida 3162,MG,Belo Horizonte,2025-11-27
3163,Daniela Souza 3163,PE,Recife,2023-08-12
3164,Fernanda Santos 3164,SP,Sao Paulo,2025-03-05
3165,Renata Pereira 3165,RJ,Rio de Janeiro,2024-05-10
3166,Thiago Silva 3166,PE,Recife,2023-10-20
3167,Lucas Silva 3167,PR,Curitiba,2024-03-06
3168,Lucas Costa 3168,SP,Sao Paulo,2023-11-09
3169,Thiago Souza 3169,MG,Belo Horizonte,2024-12-18
3170,Rafael Oliveira 3170,SP,Sao Paulo,2025-03-12
3171,Carlos Souza 3171,RS,Porto Alegre,2025-11-01
3172,Lucas Almeida 3172,MG,Belo Horizonte,2024-02-03
3173,Carlos Souza 3173,SP,Sao Paulo,2025-06-21
3174,Eduardo Pereira 3174,RS,Porto Alegre,2023-11-26
3175,Carlos Rodrigues 3175,SP,Sao Paulo,2023-08-17
3176,Lucas Pereira 3176,SP,Sao Paulo,2023-12-14
3177,Daniela Souza 3177,SP,Sao Paulo,2023-10-21
3178,Ana Silva 3178,SP,Sao Paulo,2025-02-19
3179,Helena Silva 3179,SC,Florianopolis,2023-09-03
3180,Vanessa Rodrigues 3180,RJ,Rio de Janeiro,2023-02-10
3181,Thiago Souza 3181,RS,Porto Alegre,2025-03-03
3182,Mariana Almeida 3182,PE,Recife,2024-05-27
3183,Thiago Pereira 3183,PE,Recife,2023-11-10
3184,Juliana Oliveira 3184,PR,Curitiba,2023-10-23
3185,Fernanda Pereira 3185,SC,Florianopolis,2024-06-10
3186,Juliana Oliveira 3186,SP,Sao Paulo,2025-06-03
3187,Renata Souza 3187,SP,Sao Paulo,2025-07-30
3188,Mariana Souza 3188,SC,Florianopolis,2023-09-14
3189,Renata Almeida 3189,SC,Florianopolis,2025-05-12
3190,Rafael Almeida 3190,PE,Recife,2025-06-28
3191,Lucas Rodrigues 3191,BA,Salvador,2024-11-22
3192,Gabriel Souza 3192,MG,Belo Horizonte,2025-12-21
3193,Gabriel Pereira 3193,PR,Curitiba,2024-01-27
3194,Mariana Costa 3194,PE,Recife,2025-04-16
3195,Eduardo Almeida 3195,PR,Curitiba,2025-03-15
3196,Juliana Rodrigues 3196,RJ,Rio de Janeiro,2025-07-15
3197,Gabriel Pereira 3197,SP,Sao Paulo,2024-02-13
3198,Renata Oliveira 3198,MG,Belo Horizonte,2025-02-26
3199,Gabriel Rodrigues 3199,PE,Recife,2023-02-18
3200,Eduardo Rodrigues 3200,MG,Belo Horizonte,2024-07-13
3201,Renata Pereira 3201,PR,Curitiba,2023-11-05
3202,Eduardo Almeida 3202,PE,Recife,2024-05-18
3203,Bruno Santos 3203,BA,Salvador,2025-12-22
3204,Ana Silva 3204,RJ,Rio de Janeiro,2023-06-25
3205,Carlos Pereira 3205,SP,Sao Paulo,2024-11-09
3206,Eduardo Souza 3206,BA,Salvador,2024-02-20
3207,Mariana Pereira 3207,RS,Porto Alegre,2023-05-16
3208,Lucas Oliveira 3208,PE,Recife,2025-08-30
3209,Daniela Oliveira 3209,RS,Porto Alegre,2024-09-13
3210,Renata Santos 3210,MG,Belo Horizonte,2023-12-01
3211,Vanessa Costa 3211,SC,Florianopolis,2023-11-21
3212,Eduardo Almeida 3212,PR,Curitiba,2023-08-21
3213,Eduardo Rodrigues 3213,RJ,Rio de Janeiro,2023-03-22
3214,Vanessa Oliveira 3214,PE,Recife,2025-02-15
3215,Thiago Oliveira 3215,SP,Sao Paulo,2025-01-12
3216,Vanessa Pereira 3216,PE,Recife,2023-02-10
3217,Mariana Santos 3217,BA,Salvador,2023-06-24
3218,Juliana Rodrigues 3218,MG,Belo Horizonte,2023-10-04
3219,Gabriel Pereira 3219,MG,Belo Horizonte,2023-08-16
3220,Mariana Almeida 3220,RS,Porto Alegre,2023-06-20
3221,Fernanda Pereira 3221,SP,Sao Paulo,2025-05-05
3222,Igor Silva 3222,RS,Porto Alegre,2024-01-29
3223,Fernanda Silva 3223,PE,Recife,2024-10-14
3224,Igor Almeida 3224,PR,Curitiba,2024-09-19
3225,Bruno Costa 3225,SC,Florianopolis,2024-11-22
3226,Lucas Silva 3226,PE,Recife,2023-06-14
3227,Ana Costa 3227,MG,Belo Horizonte,2023-01-22
3228,Vanessa Rodrigues 3228,SC,Florianopolis,2024-02-13
3229,Igor Rodrigues 3229,SC,Florianopolis,2023-03-15
3230,Renata Rodrigues 3230,BA,Salvador,2025-01-21
3231,Mariana Costa 3231,BA,Salvador,2023-09-29
3232,Juliana Costa 3232,PR,Curitiba,2025-09-28
3233,Carlos Pereira 3233,RJ,Rio de Janeiro,2025-07-10
3234,Eduardo Santos 3234,RJ,Rio de Janeiro,2023-02-17
3235,Fernanda Pereira 3235,PR,Curitiba,2023-06-02
3236,Helena Santos 3236,RJ,Rio de Janeiro,2023-11-12
3237,Ana Pereira 3237,RJ,Rio de Janeiro,2023-01-20
3238,Thiago Pereira 3238,RJ,Rio de Janeiro,2023-11-16
3239,Bruno Oliveira 3239,RJ,Rio de Janeiro,2023-09-07
3240,Fernanda Santos 3240,PR,Curitiba,2023-06-16
3241,Renata Souza 3241,RJ,Rio de Janeiro,2023-01-08
3242,Carlos Rodrigues 3242,PR,Curitiba,2023-04-13
3243,Gabriel Almeida 3243,BA,Salvador,2025-12-20
3244,Fernanda Almeida 3244,PR,Curitiba,2025-10-11
3245,Thiago Oliveira 3245,RS,Porto Alegre,2023-05-06
3246,Fernanda Souza 3246,SP,Sao Paulo,2023-06-12
3247,Gabriel Santos 3247,RS,Porto Alegre,2023-10-22
3248,Fernanda Pereira 3248,RJ,Rio de Janeiro,2024-01-21
3249,Rafael Costa 3249,PR,Curitiba,2023-11-29
3250,Juliana Souza 3250,SC,Florianopolis,2025-11-03
3251,Mariana Souza 3251,SC,Florianopolis,2024-05-28
3252,Juliana Oliveira 3252,SP,Sao Paulo,2024-05-30
3253,Carlos Almeida 3253,RJ,Rio de Janeiro,2023-05-07
3254,Renata Santos 3254,BA,Salvador,2023-05-04
3255,Carlos Pereira 3255,PE,Recife,2023-01-25
3256,Igor Pereira 3256,BA,Salvador,2023-05-15
3257,Vanessa Pereira 3257,PE,Recife,2025-01-03
3258,Vanessa Pereira 3258,PE,Recife,2024-09-06
3259,Fernanda Silva 3259,PR,Curitiba,2024-04-12
3260,Thiago Almeida 3260,BA,Salvador,2025-04-19
3261,Thiago Almeida 3261,BA,Salvador,2025-04-05
3262,Eduardo Rodrigues 3262,PE,Recife,2023-11-09
3263,Eduardo Pereira 3263,SC,Florianopolis,2023-02-20
3264,Rafael Pereira 3264,SC,Florianopolis,2023-11-02
3265,Fernanda Oliveira 3265,SP,Sao Paulo,2025-06-08
3266,Daniela Silva 3266,MG,Belo Horizonte,2024-03-20
3267,Eduardo Costa 3267,SC,Florianopolis,2025-08-25
3268,Ana Almeida 3268,BA,Salvador,2024-02-10
3269,Juliana Costa 3269,SC,Florianopolis,2023-11-21
3270,Vanessa Almeida 3270,PR,Curitiba,2024-01-25
3271,Fernanda Almeida 3271,SC,Florianopolis,2025-06-10
3272,Daniela Santos 3272,SP,Sao Paulo,2024-12-24
3273,Juliana Oliveira 3273,BA,Salvador,2025-09-03
3274,Vanessa Souza 3274,PR,Curitiba,2025-11-28
3275,Ana Costa 3275,SC,Florianopolis,2025-10-01
3276,Juliana Rodrigues 3276,MG,Belo Horizonte,2024-11-24
3277,Juliana Pereira 3277,RJ,Rio de Janeiro,2023-09-23
3278,Mariana Almeida 3278,BA,Salvador,2023-09-20
3279,Thiago Pereira 3279,RJ,Rio de Janeiro,2023-02-06
3280,Gabriel Pereira 3280,SC,Florianopolis,2024-05-19
3281,Vanessa Costa 3281,PR,Curitiba,2024-10-02
3282,Gabriel Oliveira 3282,BA,Salvador,2024-11-09
3283,Helena Souza 3283,BA,Salvador,2024-04-13
3284,Ana Pereira 3284,PE,Recife,2025-08-20
3285,Eduardo Pereira 3285,RJ,Rio de Janeiro,2025-02-25
3286,Vanessa Almeida 3286,RJ,Rio de Janeiro,2025-12-19
3287,Thiago Rodrigues 3287,RS,Porto Alegre,2023-05-18
3288,Eduardo Pereira 3288,PR,Curitiba,2024-07-19
3289,Helena Souza 3289,SP,Sao Paulo,2025-08-28
3290,Mariana Almeida 3290,SP,Sao Paulo,2024-11-01
3291,Lucas Almeida 3291,MG,Belo Horizonte,2024-07-12
3292,Gabriel Souza 3292,BA,Salvador,2026-01-03
3293,Bruno Souza 3293,RJ,Rio de Janeiro,2024-08-28
3294,Rafael Rodrigues 3294,RS,Porto Alegre,2024-05-23
3295,Igor Souza 3295,SP,Sao Paulo,2024-09-02
3296,Ana Silva 3296,MG,Belo Horizonte,2024-08-29
3297,Mariana Almeida 3297,SC,Florianopolis,2023-06-11
3298,Rafael Oliveira 3298,MG,Belo Horizonte,2025-07-03
3299,Daniela Costa 3299,PE,Recife,2024-10-05
3300,Gabriel Almeida 3300,PE,Recife,2024-07-19
3301,Eduardo Pereira 3301,RS,Porto Alegre,2023-11-30
3302,Bruno Pereira 3302,SP,Sao Paulo,2023-09-11
3303,Eduardo Pereira 3303,PE,Recife,2025-01-25
3304,Renata Pereira 3304,SC,Florianopolis,2023-02-22
3305,Lucas Silva 3305,SC,Florianopolis,2023-12-31
3306,Bruno Silva 3306,RS,Porto Alegre,2024-10-25
3307,Carlos Santos 3307,MG,Belo Horizonte,2025-10-14
3308,Daniela Oliveira 3308,MG,Belo Horizonte,2023-11-07
3309,Mariana Pereira 3309,PR,Curitiba,2023-07-08
3310,Renata Pereira 3310,BA,Salvador,2023-06-16
3311,Rafael Silva 3311,RJ,Rio de Janeiro,2025-10-05
3312,Eduardo Santos 3312,SC,Florianopolis,2025-03-21
3313,Fernanda Santos 3313,PR,Curitiba,2025-07-07
3314,Helena Silva 3314,RS,Porto Alegre,2024-04-10
3315,Helena Almeida 3315,SP,Sao Paulo,2023-04-18
3316,Helena Souza 3316,SP,Sao Paulo,2023-03-28
3317,Lucas Pereira 3317,MG,Belo Horizonte,2023-10-09
3318,Ana Costa 3318,SC,Florianopolis,2025-03-21
3319,Renata Santos 3319,PE,Recife,2023-02-18
3320,Bruno Souza 3320,SP,Sao Paulo,2024-02-14
3321,Ana Pereira 3321,PR,Curitiba,2025-10-03
3322,Fernanda Rodrigues 3322,RJ,Rio de Janeiro,2025-01-23
3323,Ana Costa 3323,PR,Curitiba,2023-11-08
3324,Rafael Oliveira 3324,RS,Porto Alegre,2025-02-05
3325,Lucas Souza 3325,PR,Curitiba,2024-06-08
3326,Rafael Santos 3326,BA,Salvador,2024-06-17
3327,Ana Almeida 3327,RS,Porto Alegre,2025-07-13
3328,Fernanda Santos 3328,SC,Florianopolis,2024-02-24
3329,Daniela Souza 3329,SP,Sao Paulo,2025-03-04
3330,Gabriel Costa 3330,PR,Curitiba,2024-09-03
3331,Bruno Souza 3331,BA,Salvador,2025-08-07
3332,Ana Costa 3332,RS,Porto Alegre,2024-03-20
3333,Fernanda Pereira 3333,SP,Sao Paulo,2024-03-19
3334,Rafael Pereira 3334,PR,Curitiba,2025-10-20
3335,Fernanda Almeida 3335,PE,Recife,2025-03-11
3336,Helena Santos 3336,PE,Recife,2024-08-07
3337,Ana Silva 3337,RJ,Rio de Janeiro,2023-01-01
3338,Ana Costa 3338,SP,Sao Paulo,2024-07-15
3339,Fernanda Santos 3339,PE,Recife,2025-02-20
3340,Gabriel Souza 3340,SP,Sao Paulo,2025-01-23
3341,Carlos Costa 3341,SC,Florianopolis,2025-02-02
3342,Juliana Silva 3342,SC,Florianopolis,2023-02-15
3343,Eduardo Costa 3343,RJ,Rio de Janeiro,2024-09-10
3344,Daniela Silva 3344,PE,Recife,2024-02-24
3345,Ana Santos 3345,PE,Recife,2023-12-24
3346,Thiago Costa 3346,RJ,Rio de Janeiro,2024-04-25
3347,Vanessa Santos 3347,RS,Porto Alegre,2023-02-16
3348,Carlos Rodrigues 3348,MG,Belo Horizonte,2024-03-17
3349,Bruno Almeida 3349,SC,Florianopolis,2023-03-03
3350,Renata Oliveira 3350,SC,Florianopolis,2025-08-11
3351,Carlos Costa 3351,SP,Sao Paulo,2023-04-01
3352,Gabriel Costa 3352,RS,Porto Alegre,2025-09-08
3353,Gabriel Souza 3353,SP,Sao Paulo,2024-07-10
3354,Bruno Rodrigues 3354,PE,Recife,2023-01-04
3355,Bruno Costa 3355,PE,Recife,2024-04-19
3356,Mariana Almeida 3356,BA,Salvador,2023-07-01
3357,Mariana Pereira 3357,PE,Recife,2023-12-02
3358,Mariana Rodrigues 3358,MG,Belo Horizonte,2024-10-18
3359,Mariana Almeida 3359,MG,Belo Horizonte,2025-04-02
3360,Eduardo Almeida 3360,BA,Salvador,2024-08-21
3361,Renata Santos 3361,SC,Florianopolis,2025-01-07
3362,Lucas Pereira 3362,RS,Porto Alegre,2023-10-09
3363,Fernanda Silva 3363,PE,Recife,2025-07-12
3364,Eduardo Pereira 3364,BA,Salvador,2025-11-03
3365,Gabriel Rodrigues 3365,MG,Belo Horizonte,2023-10-13
3366,Daniela Silva 3366,RJ,Rio de Janeiro,2025-05-08
3367,Igor Oliveira 3367,RJ,Rio de Janeiro,2023-01-09
3368,Vanessa Santos 3368,PR,Curitiba,2024-11-16
3369,Rafael Rodrigues 3369,BA,Salvador,2025-02-03
3370,Renata Santos 3370,PR,Curitiba,2024-12-20
3371,Eduardo Souza 3371,PR,Curitiba,2025-07-18
3372,Daniela Almeida 3372,SP,Sao Paulo,2025-10-30
3373,Juliana Souza 3373,MG,Belo Horizonte,2023-05-28
3374,Gabriel Santos 3374,SC,Florianopolis,2024-09-12
3375,Ana Silva 3375,PR,Curitiba,2023-02-18
3376,Gabriel Oliveira 3376,RS,Porto Alegre,2023-09-05
3377,Igor Almeida 3377,RJ,Rio de Janeiro,2023-05-18
3378,Mariana Rodrigues 3378,RJ,Rio de Janeiro,2025-05-14
3379,Lucas Rodrigues 3379,SP,Sao Paulo,2024-09-06
3380,Juliana Rodrigues 3380,BA,Salvador,2024-03-02
3381,Vanessa Silva 3381,PE,Recife,2023-03-27
3382,Mariana Silva 3382,PE,Recife,2024-10-16
3383,Rafael Santos 3383,RS,Porto Alegre,2025-08-27
3384,Vanessa Silva 3384,SC,Florianopolis,2024-12-19
3385,Vanessa Santos 3385,SC,Florianopolis,2023-03-21
3386,Carlos Santos 3386,PE,Recife,2024-05-31
3387,Thiago Rodrigues 3387,PR,Curitiba,2023-07-12
3388,Vanessa Silva 3388,BA,Salvador,2024-05-09
3389,Thiago Souza 3389,BA,Salvador,2024-09-26
3390,Ana Oliveira 3390,SC,Florianopolis,2023-07-14
3391,Thiago Santos 3391,SP,Sao Paulo,2025-11-02
3392,Igor Rodrigues 3392,MG,Belo Horizonte,2025-08-06
3393,Daniela Almeida 3393,SP,Sao Paulo,2024-06-02
3394,Juliana Oliveira 3394,MG,Belo Horizonte,2025-07-14
3395,Lucas Rodrigues 3395,SP,Sao Paulo,2024-08-17
3396,Carlos Souza 3396,RJ,Rio de Janeiro,2023-11-14
3397,Helena Silva 3397,PE,Recife,2025-09-22
3398,Rafael Silva 3398,SC,Florianopolis,2023-12-28
3399,Helena Pereira 3399,RS,Porto Alegre,2024-01-10
3400,Thiago Santos 3400,PE,Recife,2024-04-13
3401,Eduardo Oliveira 3401,RJ,Rio de Janeiro,2023-12-03
3402,Vanessa Pereira 3402,SP,Sao Paulo,2025-06-16
3403,Mariana Santos 3403,SC,Florianopolis,2023-02-12
3404,Bruno Costa 3404,SC,Florianopolis,2025-08-28
3405,Carlos Santos 3405,SC,Florianopolis,2025-05-14
3406,Mariana Almeida 3406,RJ,Rio de Janeiro,2024-06-22
3407,Helena Oliveira 3407,SC,Florianopolis,2025-11-04
3408,Fernanda Santos 3408,RJ,Rio de Janeiro,2023-02-19
3409,Thiago Pereira 3409,MG,Belo Horizonte,2024-02-07
3410,Carlos Oliveira 3410,RS,Porto Alegre,2025-09-05
3411,Bruno Souza 3411,SC,Florianopolis,2023-08-26
3412,Juliana Oliveira 3412,PR,Curitiba,2023-10-29
3413,Mariana Silva 3413,SC,Florianopolis,2023-01-23
3414,Igor Silva 3414,SP,Sao Paulo,2023-08-19
3415,Lucas Souza 3415,RS,Porto Alegre,2023-10-08
3416,Gabriel Almeida 3416,PE,Recife,2024-03-13
3417,Gabriel Santos 3417,PE,Recife,2025-09-07
3418,Carlos Oliveira 3418,MG,Belo Horizonte,2025-03-05
3419,Eduardo Santos 3419,MG,Belo Horizonte,2025-11-10
3420,Carlos Oliveira 3420,PE,Recife,2025-11-17
3421,Mariana Souza 3421,PR,Curitiba,2025-04-26
3422,Bruno Rodrigues 3422,RS,Porto Alegre,2025-04-12
3423,Rafael Silva 3423,SP,Sao Paulo,2024-10-18
3424,Rafael Almeida 3424,PR,Curitiba,2025-02-04
3425,Vanessa Rodrigues 3425,PR,Curitiba,2023-09-18
3426,Juliana Almeida 3426,MG,Belo Horizonte,2024-05-09
3427,Ana Rodrigues 3427,RJ,Rio de Janeiro,2025-06-05
3428,Eduardo Silva 3428,RJ,Rio de Janeiro,2023-06-23
3429,Rafael Costa 3429,BA,Salvador,2024-07-22
3430,Juliana Pereira 3430,PE,Recife,2024-11-30
3431,Vanessa Rodrigues 3431,RS,Porto Alegre,2025-08-20
3432,Lucas Santos 3432,MG,Belo Horizonte,2025-08-19
3433,Carlos Costa 3433,PE,Recife,2024-12-02
3434,Juliana Souza 3434,RS,Porto Alegre,2024-07-09
3435,Helena Souza 3435,BA,Salvador,2024-10-25
3436,Gabriel Pereira 3436,BA,Salvador,2024-09-19
3437,Igor Rodrigues 3437,SC,Florianopolis,2024-07-24
3438,Juliana Souza 3438,PR,Curitiba,2023-10-13
3439,Gabriel Almeida 3439,BA,Salvador,2024-10-19
3440,Juliana Souza 3440,MG,Belo Horizonte,2023-08-29
3441,Fernanda Almeida 3441,PR,Curitiba,2024-11-21
3442,Rafael Almeida 3442,BA,Salvador,2024-05-18
3443,Lucas Oliveira 3443,RS,Porto Alegre,2025-07-29
3444,Igor Santos 3444,RS,Porto Alegre,2023-05-28
3445,Ana Santos 3445,SC,Florianopolis,2025-03-16
3446,Vanessa Almeida 3446,PR,Curitiba,2024-06-05
3447,Renata Souza 3447,RS,Porto Alegre,2025-11-12
3448,Renata Almeida 3448,RS,Porto Alegre,2023-04-15
3449,Renata Rodrigues 3449,RJ,Rio de Janeiro,2025-09-02
3450,Eduardo Oliveira 3450,BA,Salvador,2023-09-02
3451,Bruno Silva 3451,RJ,Rio de Janeiro,2025-01-10
3452,Daniela Costa 3452,RJ,Rio de Janeiro,2024-07-22
3453,Renata Souza 3453,MG,Belo Horizonte,2023-07-16
3454,Ana Santos 3454,SP,Sao Paulo,2023-05-03
3455,Juliana Rodrigues 3455,BA,Salvador,2024-07-21
3456,Helena Costa 3456,PR,Curitiba,2024-04-17
3457,Eduardo Silva 3457,BA,Salvador,2024-04-29
3458,Fernanda Rodrigues 3458,BA,Salvador,2024-03-26
3459,Fernanda Santos 3459,PR,Curitiba,2023-02-05
3460,Daniela Santos 3460,RS,Porto Alegre,2025-09-22
3461,Helena Souza 3461,PR,Curitiba,2025-04-12
3462,Fernanda Souza 3462,PE,Recife,2023-12-06
3463,Ana Souza 3463,RS,Porto Alegre,2023-08-08
3464,Rafael Almeida 3464,RS,Porto Alegre,2025-06-10
3465,Daniela Santos 3465,PR,Curitiba,2024-04-20
3466,Thiago Oliveira 3466,SC,Florianopolis,2025-06-28
3467,Ana Costa 3467,SC,Florianopolis,2025-02-17
3468,Renata Pereira 3468,PR,Curitiba,2025-10-03
3469,Vanessa Rodrigues 3469,BA,Salvador,2023-02-12
3470,Mariana Oliveira 3470,PE,Recife,2024-02-25
3471,Fernanda Rodrigues 3471,RJ,Rio de Janeiro,2025-02-12
3472,Lucas Pereira 3472,PR,Curitiba,2024-03-22
3473,Helena Costa 3473,SC,Florianopolis,2024-07-15
3474,Vanessa Silva 3474,PR,Curitiba,2025-02-16
3475,Thiago Silva 3475,PR,Curitiba,2023-05-13
3476,Mariana Rodrigues 3476,SC,Florianopolis,2024-12-07
3477,Renata Almeida 3477,SP,Sao Paulo,2025-10-02
3478,Renata Costa 3478,SC,Florianopolis,2023-07-03
3479,Igor Pereira 3479,BA,Salvador,2024-04-13
3480,Fernanda Oliveira 3480,RS,Porto Alegre,2025-09-07
3481,Gabriel Silva 3481,PR,Curitiba,2025-11-25
3482,Bruno Souza 3482,SC,Florianopolis,2025-01-16
3483,Carlos Silva 3483,RJ,Rio de Janeiro,2023-11-22
3484,Igor Almeida 3484,RS,Porto Alegre,2023-06-12
3485,Eduardo Rodrigues 3485,MG,Belo Horizonte,2024-08-23
3486,Helena Rodrigues 3486,RS,Porto Alegre,2024-01-16
3487,Carlos Souza 3487,RS,Porto Alegre,2023-12-08
3488,Fernanda Costa 3488,RJ,Rio de Janeiro,2023-04-17
3489,Fernanda Souza 3489,PE,Recife,2025-05-16
3490,Carlos Santos 3490,SP,Sao Paulo,2024-02-05
3491,Fernanda Santos 3491,RJ,Rio de Janeiro,2024-07-05
3492,Fernanda Oliveira 3492,PE,Recife,2025-01-25
3493,Ana Pereira 3493,MG,Belo Horizonte,2024-05-18
3494,Ana Silva 3494,MG,Belo Horizonte,2024-07-11
3495,Fernanda Silva 3495,SC,Florianopolis,2023-10-04
3496,Eduardo Souza 3496,PE,Recife,2023-11-16
3497,Thiago Souza 3497,BA,Salvador,2024-07-25
3498,Daniela Souza 3498,PE,Recife,2023-12-25
3499,Carlos Rodrigues 3499,MG,Belo Horizonte,2023-03-28
3500,Juliana Almeida 3500,MG,Belo Horizonte,2023-01-02
3501,Rafael Almeida 3501,PE,Recife,2025-03-19
3502,Igor Rodrigues 3502,BA,Salvador,2025-04-09
3503,Vanessa Oliveira 3503,MG,Belo Horizonte,2025-10-27
3504,Carlos Pereira 3504,SP,Sao Paulo,2024-02-28
3505,Renata Rodrigues 3505,RS,Porto Alegre,2023-08-25
3506,Mariana Silva 3506,SC,Florianopolis,2024-09-05
3507,Gabriel Silva 3507,BA,Salvador,2025-09-24
3508,Eduardo Almeida 3508,PR,Curitiba,2025-06-10
3509,Rafael Souza 3509,MG,Belo Horizonte,2024-09-10
3510,Helena Almeida 3510,MG,Belo Horizonte,2023-02-03
3511,Rafael Almeida 3511,RS,Porto Alegre,2025-09-23
3512,Gabriel Almeida 3512,PE,Recife,2025-01-30
3513,Bruno Souza 3513,MG,Belo Horizonte,2025-05-01
3514,Juliana Pereira 3514,MG,Belo Horizonte,2023-07-27
3515,Thiago Rodrigues 3515,SP,Sao Paulo,2024-12-18
3516,Juliana Pereira 3516,SC,Florianopolis,2023-06-09
3517,Vanessa Santos 3517,PE,Recife,2023-03-24
3518,Gabriel Costa 3518,BA,Salvador,2024-11-09
3519,Daniela Oliveira 3519,MG,Belo Horizonte,2023-01-23
3520,Ana Souza 3520,RS,Porto Alegre,2023-05-03
3521,Thiago Rodrigues 3521,BA,Salvador,2023-02-19
3522,Mariana Pereira 3522,BA,Salvador,2025-07-31
3523,Bruno Santos 3523,RS,Porto Alegre,2025-01-23
3524,Renata Silva 3524,PE,Recife,2025-09-25
3525,Rafael Pereira 3525,RJ,Rio de Janeiro,2023-11-11
3526,Eduardo Oliveira 3526,PE,Recife,2024-07-01
3527,Rafael Costa 3527,PR,Curitiba,2023-07-10
3528,Bruno Silva 3528,SC,Florianopolis,2024-03-27
3529,Eduardo Souza 3529,RS,Porto Alegre,2023-01-25
3530,Renata Oliveira 3530,SC,Florianopolis,2024-02-01
3531,Gabriel Silva 3531,SC,Florianopolis,2024-06-06
3532,Bruno Costa 3532,RJ,Rio de Janeiro,2023-12-01
3533,Helena Almeida 3533,PE,Recife,2023-05-16
3534,Daniela Santos 3534,MG,Belo Horizonte,2025-10-07
3535,Mariana Almeida 3535,PE,Recife,2024-12-02
3536,Lucas Oliveira 3536,RS,Porto Alegre,2024-11-08
3537,Helena Silva 3537,RS,Porto Alegre,2024-05-17
3538,Igor Pereira 3538,SC,Florianopolis,2025-09-16
3539,Rafael Silva 3539,RS,Porto Alegre,2025-10-18
3540,Daniela Oliveira 3540,RS,Porto Alegre,2024-06-11
3541,Helena Almeida 3541,PR,Curitiba,2024-03-24
3542,Mariana Rodrigues 3542,MG,Belo Horizonte,2023-07-21
3543,Lucas Costa 3543,SC,Florianopolis,2025-05-08
3544,Fernanda Almeida 3544,RJ,Rio de Janeiro,2024-05-11
3545,Bruno Rodrigues 3545,RJ,Rio de Janeiro,2024-10-04
3546,Eduardo Rodrigues 3546,SC,Florianopolis,2025-06-04
3547,Lucas Pereira 3547,PE,Recife,2023-03-04
3548,Helena Almeida 3548,RJ,Rio de Janeiro,2024-09-22
3549,Gabriel Rodrigues 3549,PE,Recife,2025-03-22
3550,Juliana Souza 3550,SC,Florianopolis,2024-04-26
3551,Fernanda Pereira 3551,MG,Belo Horizonte,2024-11-19
3552,Daniela Santos 3552,SC,Florianopolis,2023-06-19
3553,Eduardo Rodrigues 3553,RJ,Rio de Janeiro,2023-01-18
3554,Eduardo Silva 3554,PE,Recife,2023-07-09
3555,Fernanda Silva 3555,SP,Sao Paulo,2025-08-23
3556,Mariana Pereira 3556,MG,Belo Horizonte,2024-08-19
3557,Fernanda Costa 3557,RJ,Rio de Janeiro,2023-03-24
3558,Bruno Santos 3558,BA,Salvador,2023-07-24
3559,Gabriel Oliveira 3559,SP,Sao Paulo,2023-01-01
3560,Daniela Costa 3560,SC,Florianopolis,2025-10-01
3561,Carlos Costa 3561,RS,Porto Alegre,2025-12-13
3562,Thiago Costa 3562,MG,Belo Horizonte,2023-05-14
3563,Daniela Almeida 3563,MG,Belo Horizonte,2025-11-20
3564,Bruno Rodrigues 3564,PR,Curitiba,2024-08-04
3565,Vanessa Almeida 3565,BA,Salvador,2023-11-30
3566,Juliana Costa 3566,BA,Salvador,2025-11-08
3567,Helena Costa 3567,SC,Florianopolis,2025-05-06
3568,Helena Almeida 3568,BA,Salvador,2024-03-07
3569,Bruno Santos 3569,MG,Belo Horizonte,2023-11-14
3570,Eduardo Santos 3570,SP,Sao Paulo,2023-08-30
3571,Eduardo Santos 3571,PE,Recife,2023-09-16
3572,Lucas Souza 3572,RS,Porto Alegre,2024-11-12
3573,Renata Santos 3573,PE,Recife,2025-06-10
3574,Vanessa Silva 3574,RS,Porto Alegre,2024-03-05
3575,Rafael Souza 3575,BA,Salvador,2023-11-17
3576,Bruno Silva 3576,BA,Salvador,2023-05-16
3577,Fernanda Almeida 3577,RS,Porto Alegre,2025-03-08
3578,Lucas Almeida 3578,PE,Recife,2025-03-25
3579,Renata Pereira 3579,MG,Belo Horizonte,2024-10-31
3580,Fernanda Costa 3580,MG,Belo Horizonte,2023-01-16
3581,Vanessa Pereira 3581,SC,Florianopolis,2023-07-10
3582,Eduardo Souza 3582,MG,Belo Horizonte,2023-03-28
3583,Gabriel Oliveira 3583,PE,Recife,2024-07-23
3584,Ana Pereira 3584,SC,Florianopolis,2023-03-20
3585,Lucas Silva 3585,BA,Salvador,2025-02-02
3586,Gabriel Souza 3586,RJ,Rio de Janeiro,2025-09-15
3587,Igor Rodrigues 3587,MG,Belo Horizonte,2024-11-11
3588,Bruno Almeida 3588,PR,Curitiba,2025-06-09
3589,Bruno Costa 3589,RS,Porto Alegre,2025-07-23
3590,Renata Santos 3590,BA,Salvador,2023-02-06
3591,Thiago Souza 3591,PE,Recife,2025-05-04
3592,Thiago Costa 3592,BA,Salvador,2024-04-01
3593,Helena Costa 3593,RS,Porto Alegre,2023-03-21
3594,Ana Souza 3594,SC,Florianopolis,2024-06-27
3595,Thiago Souza 3595,SP,Sao Paulo,2024-03-30
3596,Renata Silva 3596,SC,Florianopolis,2023-01-05
3597,Renata Silva 3597,RJ,Rio de Janeiro,2024-07-14
3598,Vanessa Souza 3598,RS,Porto Alegre,2023-04-15
3599,Helena Rodrigues 3599,RS,Porto Alegre,2023-08-26
3600,Gabriel Silva 3600,BA,Salvador,2023-12-29
3601,Lucas Souza 3601,SC,Florianopolis,2023-06-13
3602,Daniela Oliveira 3602,PE,Recife,2023-02-12
3603,Juliana Costa 3603,RS,Porto Alegre,2023-12-13
3604,Renata Souza 3604,SC,Florianopolis,2023-11-28
3605,Daniela Costa 3605,MG,Belo Horizonte,2025-01-10
3606,Carlos Oliveira 3606,RS,Porto Alegre,2023-05-21
3607,Helena Santos 3607,RJ,Rio de Janeiro,2023-01-07
3608,Daniela Almeida 3608,RS,Porto Alegre,2024-01-02
3609,Thiago Santos 3609,BA,Salvador,2023-09-06
3610,Carlos Pereira 3610,PE,Recife,2024-07-23
3611,Fernanda Rodrigues 3611,RJ,Rio de Janeiro,2024-12-24
3612,Ana Santos 3612,PR,Curitiba,2024-05-27
3613,Eduardo Pereira 3613,RJ,Rio de Janeiro,2023-11-29
3614,Gabriel Almeida 3614,MG,Belo Horizonte,2025-12-05
3615,Lucas Rodrigues 3615,BA,Salvador,2023-03-03
3616,Rafael Souza 3616,SC,Florianopolis,2023-08-01
3617,Vanessa Santos 3617,MG,Belo Horizonte,2024-01-25
3618,Thiago Rodrigues 3618,PR,Curitiba,2025-10-09
3619,Gabriel Silva 3619,BA,Salvador,2025-01-25
3620,Gabriel Silva 3620,SP,Sao Paulo,2025-07-16
3621,Mariana Pereira 3621,BA,Salvador,2023-02-05
3622,Lucas Almeida 3622,SC,Florianopolis,2023-01-16
3623,Daniela Santos 3623,RJ,Rio de Janeiro,2023-10-02
3624,Vanessa Pereira 3624,MG,Belo Horizonte,2025-08-27
3625,Lucas Souza 3625,RJ,Rio de Janeiro,2023-03-08
3626,Renata Costa 3626,RS,Porto Alegre,2026-01-04
3627,Bruno Costa 3627,SP,Sao Paulo,2023-08-07
3628,Rafael Oliveira 3628,MG,Belo Horizonte,2024-06-12
3629,Renata Santos 3629,RS,Porto Alegre,2024-11-27
3630,Vanessa Costa 3630,BA,Salvador,2023-06-03
3631,Ana Silva 3631,RS,Porto Alegre,2025-04-13
3632,Fernanda Santos 3632,RS,Porto Alegre,2024-11-02
3633,Daniela Pereira 3633,MG,Belo Horizonte,2025-12-11
3634,Igor Pereira 3634,RJ,Rio de Janeiro,2023-07-14
3635,Fernanda Souza 3635,BA,Salvador,2023-09-11
3636,Bruno Costa 3636,RJ,Rio de Janeiro,2024-04-19
3637,Juliana Costa 3637,RS,Porto Alegre,2023-06-13
3638,Bruno Costa 3638,RJ,Rio de Janeiro,2025-04-06
3639,Lucas Costa 3639,SC,Florianopolis,2023-07-10
3640,Carlos Santos 3640,SP,Sao Paulo,2023-10-08
3641,Vanessa Silva 3641,SP,Sao Paulo,2023-08-07
3642,Rafael Santos 3642,PE,Recife,2025-01-09
3643,Helena Santos 3643,RS,Porto Alegre,2023-11-22
3644,Fernanda Santos 3644,BA,Salvador,2023-12-11
3645,Gabriel Oliveira 3645,SP,Sao Paulo,2025-08-21
3646,Helena Rodrigues 3646,MG,Belo Horizonte,2025-11-09
3647,Igor Souza 3647,SP,Sao Paulo,2025-12-07
3648,Bruno Rodrigues 3648,PE,Recife,2024-05-02
3649,Gabriel Costa 3649,PR,Curitiba,2025-03-06
3650,Rafael Rodrigues 3650,BA,Salvador,2023-10-06
3651,Helena Santos 3651,RS,Porto Alegre,2024-07-05
3652,Vanessa Silva 3652,SC,Florianopolis,2024-06-06
3653,Gabriel Costa 3653,RJ,Rio de Janeiro,2025-04-10
3654,Daniela Souza 3654,MG,Belo Horizonte,2024-01-13
3655,Helena Souza 3655,MG,Belo Horizonte,2023-03-24
3656,Rafael Oliveira 3656,SP,Sao Paulo,2023-05-28
3657,Daniela Silva 3657,PR,Curitiba,2024-07-20
3658,Ana Rodrigues 3658,PR,Curitiba,2023-08-15
3659,Gabriel Almeida 3659,RJ,Rio de Janeiro,2024-11-30
3660,Daniela Pereira 3660,MG,Belo Horizonte,2023-10-29
3661,Rafael Costa 3661,BA,Salvador,2025-04-21
3662,Eduardo Souza 3662,PE,Recife,2024-02-17
3663,Gabriel Souza 3663,SC,Florianopolis,2024-12-24
3664,Igor Rodrigues 3664,PE,Recife,2025-09-28
3665,Ana Rodrigues 3665,SP,Sao Paulo,2024-05-31
3666,Bruno Silva 3666,PE,Recife,2023-11-21
3667,Juliana Souza 3667,PE,Recife,2025-12-09
3668,Juliana Oliveira 3668,SC,Florianopolis,2023-08-15
3669,Fernanda Rodrigues 3669,RS,Porto Alegre,2024-07-26
3670,Carlos Almeida 3670,SP,Sao Paulo,2025-08-27
3671,Helena Almeida 3671,BA,Salvador,2024-09-12
3672,Vanessa Rodrigues 3672,PR,Curitiba,2024-07-18
3673,Vanessa Souza 3673,RS,Porto Alegre,2023-11-25
3674,Ana Souza 3674,PE,Recife,2023-10-01
3675,Helena Oliveira 3675,PE,Recife,2025-02-26
3676,Mariana Costa 3676,RJ,Rio de Janeiro,2024-07-02
3677,Juliana Rodrigues 3677,RJ,Rio de Janeiro,2024-07-10
3678,Daniela Souza 3678,SP,Sao Paulo,2023-05-09
3679,Helena Oliveira 3679,RS,Porto Alegre,2024-05-31
3680,Ana Oliveira 3680,PE,Recife,2025-12-18
3681,Renata Pereira 3681,SP,Sao Paulo,2024-11-01
3682,Gabriel Oliveira 3682,SP,Sao Paulo,2025-09-12
3683,Renata Costa 3683,RJ,Rio de Janeiro,2024-09-19
3684,Rafael Pereira 3684,RS,Porto Alegre,2024-02-13
3685,Vanessa Souza 3685,RJ,Rio de Janeiro,2025-02-17
3686,Bruno Pereira 3686,PR,Curitiba,2024-10-27
3687,Helena Pereira 3687,BA,Salvador,2025-08-23
3688,Renata Silva 3688,PE,Recife,2024-04-11
3689,Eduardo Souza 3689,RJ,Rio de Janeiro,2023-07-31
3690,Gabriel Almeida 3690,SC,Florianopolis,2023-03-31
3691,Carlos Santos 3691,SC,Florianopolis,2025-12-31
3692,Helena Souza 3692,PE,Recife,2023-10-05
3693,Daniela Silva 3693,PR,Curitiba,2025-01-29
3694,Renata Santos 3694,RS,Porto Alegre,2023-01-24
3695,Gabriel Santos 3695,RS,Porto Alegre,2025-07-10
3696,Daniela Santos 3696,BA,Salvador,2024-04-29
3697,Helena Silva 3697,RS,Porto Alegre,2026-01-04
3698,Fernanda Silva 3698,PE,Recife,2024-07-21
3699,Renata Pereira 3699,PE,Recife,2024-03-19
3700,Helena Costa 3700,RJ,Rio de Janeiro,2023-07-01
3701,Mariana Pereira 3701,SP,Sao Paulo,2025-05-24
3702,Ana Santos 3702,PE,Recife,2023-12-03
3703,Gabriel Oliveira 3703,SP,Sao Paulo,2024-07-17
3704,Bruno Oliveira 3704,MG,Belo Horizonte,2024-04-24
3705,Gabriel Oliveira 3705,PR,Curitiba,2024-03-04
3706,Bruno Almeida 3706,RS,Porto Alegre,2025-08-01
3707,Bruno Santos 3707,PR,Curitiba,2023-10-03
3708,Juliana Rodrigues 3708,PR,Curitiba,2025-01-20
3709,Fernanda Almeida 3709,MG,Belo Horizonte,2023-05-10
3710,Fernanda Pereira 3710,SC,Florianopolis,2023-01-16
3711,Fernanda Rodrigues 3711,SP,Sao Paulo,2025-12-27
3712,Fernanda Souza 3712,RJ,Rio de Janeiro,2023-06-23
3713,Renata Santos 3713,RJ,Rio de Janeiro,2023-11-11
3714,Fernanda Costa 3714,SC,Florianopolis,2024-04-14
3715,Fernanda Souza 3715,BA,Salvador,2025-07-16
3716,Fernanda Almeida 3716,PE,Recife,2025-05-20
3717,Igor Souza 3717,RS,Porto Alegre,2024-10-08
3718,Rafael Costa 3718,SP,Sao Paulo,2024-02-06
3719,Thiago Santos 3719,SC,Florianopolis,2026-01-01
3720,Bruno Souza 3720,RJ,Rio de Janeiro,2023-09-17
3721,Rafael Oliveira 3721,RJ,Rio de Janeiro,2025-09-08
3722,Fernanda Souza 3722,SP,Sao Paulo,2025-11-26
3723,Bruno Santos 3723,MG,Belo Horizonte,2024-05-07
3724,Lucas Santos 3724,PR,Curitiba,2023-06-21
3725,Lucas Oliveira 3725,RS,Porto Alegre,2024-06-18
3726,Renata Almeida 3726,MG,Belo Horizonte,2023-04-01
3727,Helena Santos 3727,PR,Curitiba,2023-10-14
3728,Carlos Rodrigues 3728,MG,Belo Horizonte,2025-06-24
3729,Thiago Oliveira 3729,RJ,Rio de Janeiro,2024-10-21
3730,Ana Silva 3730,RS,Porto Alegre,2024-11-22
3731,Ana Silva 3731,SP,Sao Paulo,2023-02-25
3732,Fernanda Santos 3732,RJ,Rio de Janeiro,2024-10-22
3733,Vanessa Santos 3733,RJ,Rio de Janeiro,2024-01-25
3734,Bruno Silva 3734,PE,Recife,2025-01-30
3735,Lucas Rodrigues 3735,MG,Belo Horizonte,2024-12-24
3736,Juliana Costa 3736,RJ,Rio de Janeiro,2025-10-29
3737,Carlos Oliveira 3737,RS,Porto Alegre,2023-11-23
3738,Vanessa Santos 3738,PE,Recife,2024-08-11
3739,Juliana Silva 3739,MG,Belo Horizonte,2023-12-26
3740,Vanessa Silva 3740,BA,Salvador,2025-02-16
3741,Ana Silva 3741,SC,Florianopolis,2025-08-15
3742,Igor Souza 3742,SP,Sao Paulo,2023-01-06
3743,Lucas Santos 3743,SC,Florianopolis,2024-12-08
3744,Igor Oliveira 3744,BA,Salvador,2025-11-22
3745,Daniela Souza 3745,SC,Florianopolis,2025-02-12
3746,Igor Souza 3746,SC,Florianopolis,2023-11-02
3747,Bruno Pereira 3747,BA,Salvador,2025-01-26
3748,Rafael Silva 3748,RS,Porto Alegre,2023-12-15
3749,Bruno Rodrigues 3749,SP,Sao Paulo,2025-08-20
3750,Renata Almeida 3750,PR,Curitiba,2024-05-07
3751,Fernanda Oliveira 3751,BA,Salvador,2023-02-04
3752,Igor Silva 3752,RJ,Rio de Janeiro,2023-05-05
3753,Igor Santos 3753,RJ,Rio de Janeiro,2025-03-13
3754,Igor Oliveira 3754,SP,Sao Paulo,2024-06-19
3755,Helena Souza 3755,PE,Recife,2025-10-17
3756,Carlos Rodrigues 3756,SC,Florianopolis,2024-01-20
3757,Eduardo Santos 3757,RS,Porto Alegre,2024-05-11
3758,Juliana Oliveira 3758,MG,Belo Horizonte,2025-03-30
3759,Juliana Oliveira 3759,RS,Porto Alegre,2025-04-14
3760,Renata Oliveira 3760,SP,Sao Paulo,2024-05-12
3761,Renata Souza 3761,BA,Salvador,2025-12-18
3762,Igor Santos 3762,RJ,Rio de Janeiro,2024-09-26
3763,Rafael Costa 3763,PE,Recife,2023-03-25
3764,Mariana Pereira 3764,SC,Florianopolis,2023-11-17
3765,Fernanda Rodrigues 3765,RS,Porto Alegre,2023-03-28
3766,Lucas Oliveira 3766,PR,Curitiba,2025-01-25
3767,Ana Santos 3767,RS,Porto Alegre,2024-01-28
3768,Juliana Rodrigues 3768,PE,Recife,2025-02-11
3769,Ana Souza 3769,RS,Porto Alegre,2024-08-18
3770,Helena Oliveira 3770,RJ,Rio de Janeiro,2025-01-24
3771,Eduardo Almeida 3771,RS,Porto Alegre,2024-11-10
3772,Bruno Costa 3772,SP,Sao Paulo,2024-11-27
3773,Helena Souza 3773,SP,Sao Paulo,2024-08-19
3774,Mariana Souza 3774,PR,Curitiba,2024-03-03
3775,Daniela Rodrigues 3775,RS,Porto Alegre,2024-10-07
3776,Daniela Santos 3776,PR,Curitiba,2023-10-17
3777,Thiago Santos 3777,RJ,Rio de Janeiro,2025-07-20
3778,Helena Santos 3778,SP,Sao Paulo,2024-02-11
3779,Gabriel Oliveira 3779,PR,Curitiba,2025-10-05
3780,Helena Silva 3780,SC,Florianopolis,2024-10-23
3781,Carlos Santos 3781,SC,Florianopolis,2023-03-13
3782,Rafael Santos 3782,PE,Recife,2024-11-01
3783,Renata Silva 3783,PE,Recife,2025-10-22
3784,Gabriel Silva 3784,SP,Sao Paulo,2024-01-14
3785,Lucas Rodrigues 3785,SP,Sao Paulo,2023-08-07
3786,Ana Souza 3786,RJ,Rio de Janeiro,2023-09-19
3787,Vanessa Almeida 3787,SC,Florianopolis,2024-11-14
3788,Daniela Rodrigues 3788,RS,Porto Alegre,2024-08-03
3789,Rafael Pereira 3789,SP,Sao Paulo,2024-03-13
3790,Bruno Santos 3790,BA,Salvador,2023-10-02
3791,Daniela Costa 3791,RS,Porto Alegre,2023-05-26
3792,Helena Souza 3792,RJ,Rio de Janeiro,2024-08-21
3793,Vanessa Pereira 3793,SC,Florianopolis,2025-12-21
3794,Renata Souza 3794,SP,Sao Paulo,2023-10-13
3795,Gabriel Oliveira 3795,MG,Belo Horizonte,2023-11-19
3796,Thiago Costa 3796,RJ,Rio de Janeiro,2024-05-06
3797,Renata Santos 3797,BA,Salvador,2024-11-22
3798,Bruno Costa 3798,RJ,Rio de Janeiro,2024-06-06
3799,Renata Silva 3799,MG,Belo Horizonte,2025-11-30
3800,Lucas Souza 3800,BA,Salvador,2023-02-13
3801,Renata Rodrigues 3801,PE,Recife,2025-03-20
3802,Daniela Santos 3802,SP,Sao Paulo,2025-11-29
3803,Ana Silva 3803,MG,Belo Horizonte,2025-05-23
3804,Gabriel Pereira 3804,PR,Curitiba,2023-04-24
3805,Carlos Silva 3805,SC,Florianopolis,2025-03-25
3806,Thiago Santos 3806,SC,Florianopolis,2023-11-12
3807,Daniela Oliveira 3807,BA,Salvador,2024-03-11
3808,Lucas Pereira 3808,PR,Curitiba,2024-06-04
3809,Fernanda Rodrigues 3809,SP,Sao Paulo,2025-05-30
3810,Vanessa Rodrigues 3810,RJ,Rio de Janeiro,2025-09-21
3811,Igor Costa 3811,MG,Belo Horizonte,2024-03-07
3812,Helena Costa 3812,SP,Sao Paulo,2023-08-26
3813,Thiago Souza 3813,SP,Sao Paulo,2025-12-16
3814,Helena Almeida 3814,BA,Salvador,2024-09-03
3815,Bruno Souza 3815,MG,Belo Horizonte,2025-04-14
3816,Daniela Silva 3816,PR,Curitiba,2025-02-05
3817,Thiago Silva 3817,RJ,Rio de Janeiro,2025-01-28
3818,Mariana Santos 3818,SP,Sao Paulo,2025-11-05
3819,Fernanda Silva 3819,RS,Porto Alegre,2024-08-08
3820,Fernanda Rodrigues 3820,PE,Recife,2024-06-06
3821,Juliana Almeida 3821,SC,Florianopolis,2025-02-08
3822,Juliana Oliveira 3822,RJ,Rio de Janeiro,2025-12-05
3823,Helena Oliveira 3823,BA,Salvador,2025-02-25
3824,Juliana Silva 3824,BA,Salvador,2023-07-30
3825,Fernanda Souza 3825,RS,Porto Alegre,2024-02-03
3826,Helena Costa 3826,RJ,Rio de Janeiro,2024-01-14
3827,Rafael Silva 3827,MG,Belo Horizonte,2025-05-30
3828,Vanessa Oliveira 3828,SC,Florianopolis,2023-02-17
3829,Thiago Rodrigues 3829,SC,Florianopolis,2023-08-30
3830,Fernanda Souza 3830,SP,Sao Paulo,2025-06-24
3831,Helena Pereira 3831,RS,Porto Alegre,2024-04-12
3832,Eduardo Silva 3832,BA,Salvador,2024-05-14
3833,Mariana Rodrigues 3833,RS,Porto Alegre,2023-01-07
3834,Renata Pereira 3834,RJ,Rio de Janeiro,2023-10-19
3835,Rafael Pereira 3835,SP,Sao Paulo,2023-10-29
3836,Igor Santos 3836,MG,Belo Horizonte,2025-06-08
3837,Mariana Rodrigues 3837,SC,Florianopolis,2025-02-13
3838,Ana Almeida 3838,RJ,Rio de Janeiro,2024-03-19
3839,Eduardo Souza 3839,SC,Florianopolis,2023-07-21
3840,Daniela Costa 3840,BA,Salvador,2024-11-20
3841,Rafael Oliveira 3841,PR,Curitiba,2024-06-30
3842,Igor Silva 3842,PR,Curitiba,2024-09-28
3843,Vanessa Souza 3843,SP,Sao Paulo,2023-12-03
3844,Renata Rodrigues 3844,SP,Sao Paulo,2023-01-14
3845,Bruno Santos 3845,SC,Florianopolis,2023-05-09
3846,Gabriel Santos 3846,SC,Florianopolis,2025-10-28
3847,Lucas Silva 3847,RJ,Rio de Janeiro,2024-01-31
3848,Rafael Silva 3848,SP,Sao Paulo,2023-05-16
3849,Juliana Santos 3849,RS,Porto Alegre,2023-06-14
3850,Thiago Rodrigues 3850,BA,Salvador,2023-04-22
3851,Gabriel Almeida 3851,MG,Belo Horizonte,2025-12-04
3852,Bruno Pereira 3852,SC,Florianopolis,2023-10-22
3853,Igor Silva 3853,PR,Curitiba,2024-07-27
3854,Thiago Costa 3854,PE,Recife,2025-06-21
3855,Bruno Almeida 3855,SC,Florianopolis,2023-11-29
3856,Renata Oliveira 3856,MG,Belo Horizonte,2025-04-05
3857,Ana Santos 3857,MG,Belo Horizonte,2024-12-06
3858,Rafael Silva 3858,PE,Recife,2025-08-29
3859,Igor Silva 3859,MG,Belo Horizonte,2023-05-17
3860,Igor Santos 3860,SC,Florianopolis,2025-12-09
3861,Gabriel Almeida 3861,PR,Curitiba,2024-02-11
3862,Eduardo Pereira 3862,PR,Curitiba,2023-07-02
3863,Gabriel Pereira 3863,BA,Salvador,2023-12-17
3864,Thiago Santos 3864,SC,Florianopolis,2023-08-11
3865,Gabriel Oliveira 3865,PE,Recife,2023-01-22
3866,Fernanda Silva 3866,RJ,Rio de Janeiro,2023-06-10
3867,Helena Rodrigues 3867,SC,Florianopolis,2023-08-19
3868,Lucas Oliveira 3868,PR,Curitiba,2025-11-17
3869,Mariana Rodrigues 3869,PE,Recife,2025-10-12
3870,Gabriel Almeida 3870,RJ,Rio de Janeiro,2024-01-25
3871,Juliana Costa 3871,RJ,Rio de Janeiro,2024-08-30
3872,Lucas Silva 3872,SP,Sao Paulo,2023-12-12
3873,Juliana Silva 3873,MG,Belo Horizonte,2025-03-21
3874,Igor Costa 3874,RJ,Rio de Janeiro,2025-06-02
3875,Thiago Souza 3875,SP,Sao Paulo,2024-04-29
3876,Rafael Almeida 3876,RS,Porto Alegre,2023-07-28
3877,Thiago Almeida 3877,RJ,Rio de Janeiro,2023-10-18
3878,Carlos Silva 3878,MG,Belo Horizonte,2024-01-18
3879,Vanessa Oliveira 3879,MG,Belo Horizonte,2023-07-08
3880,Igor Rodrigues 3880,RJ,Rio de Janeiro,2024-02-01
3881,Vanessa Almeida 3881,MG,Belo Horizonte,2024-11-27
3882,Helena Souza 3882,PR,Curitiba,2025-05-22
3883,Fernanda Pereira 3883,RJ,Rio de Janeiro,2025-11-21
3884,Lucas Souza 3884,SC,Florianopolis,2023-03-01
3885,Vanessa Rodrigues 3885,PE,Recife,2023-02-16
3886,Thiago Almeida 3886,SC,Florianopolis,2023-09-01
3887,Vanessa Souza 3887,SP,Sao Paulo,2025-04-04
3888,Eduardo Silva 3888,SC,Florianopolis,2025-11-27
3889,Rafael Oliveira 3889,BA,Salvador,2023-01-05
3890,Fernanda Souza 3890,RJ,Rio de Janeiro,2023-12-17
3891,Fernanda Santos 3891,BA,Salvador,2024-11-02
3892,Ana Pereira 3892,SC,Florianopolis,2025-01-19
3893,Igor Rodrigues 3893,PE,Recife,2023-08-03
3894,Fernanda Santos 3894,MG,Belo Horizonte,2023-05-30
3895,Rafael Almeida 3895,MG,Belo Horizonte,2024-11-01
3896,Igor Souza 3896,SP,Sao Paulo,2025-12-30
3897,Ana Oliveira 3897,SC,Florianopolis,2024-08-14
3898,Lucas Silva 3898,MG,Belo Horizonte,2023-03-19
3899,Igor Costa 3899,PR,Curitiba,2025-06-06
3900,Lucas Santos 3900,MG,Belo Horizonte,2024-09-02
3901,Mariana Almeida 3901,RJ,Rio de Janeiro,2024-08-03
3902,Thiago Santos 3902,PE,Recife,2023-03-15
3903,Helena Rodrigues 3903,BA,Salvador,2024-01-02
3904,Vanessa Souza 3904,PE,Recife,2025-03-10
3905,Thiago Costa 3905,MG,Belo Horizonte,2023-02-23
3906,Carlos Almeida 3906,SC,Florianopolis,2023-06-09
3907,Vanessa Rodrigues 3907,PE,Recife,2025-12-25
3908,Vanessa Oliveira 3908,MG,Belo Horizonte,2025-06-12
3909,Gabriel Almeida 3909,MG,Belo Horizonte,2024-10-17
3910,Lucas Silva 3910,SP,Sao Paulo,2025-12-25
3911,Helena Pereira 3911,SC,Florianopolis,2024-01-17
3912,Ana Pereira 3912,SP,Sao Paulo,2024-07-05
3913,Lucas Almeida 3913,SC,Florianopolis,2025-02-19
3914,Daniela Oliveira 3914,SP,Sao Paulo,2023-03-04
3915,Lucas Pereira 3915,RS,Porto Alegre,2023-12-27
3916,Fernanda Rodrigues 3916,RS,Porto Alegre,2024-05-29
3917,Gabriel Oliveira 3917,PE,Recife,2025-03-18
3918,Fernanda Souza 3918,BA,Salvador,2024-08-25
3919,Igor Rodrigues 3919,MG,Belo Horizonte,2025-12-26
3920,Daniela Pereira 3920,PR,Curitiba,2024-02-03
3921,Igor Santos 3921,SC,Florianopolis,2023-12-03
3922,Lucas Almeida 3922,BA,Salvador,2024-01-18
3923,Rafael Oliveira 3923,MG,Belo Horizonte,2024-12-04
3924,Helena Souza 3924,MG,Belo Horizonte,2025-04-06
3925,Mariana Santos 3925,BA,Salvador,2025-12-20
3926,Daniela Rodrigues 3926,PR,Curitiba,2025-10-30
3927,Ana Almeida 3927,BA,Salvador,2025-01-19
3928,Lucas Silva 3928,RS,Porto Alegre,2025-03-02
3929,Juliana Costa 3929,BA,Salvador,2025-09-25
3930,Gabriel Costa 3930,PR,Curitiba,2023-01-16
3931,Carlos Santos 3931,RJ,Rio de Janeiro,2025-11-15
3932,Fernanda Silva 3932,PE,Recife,2025-09-18
3933,Lucas Souza 3933,PR,Curitiba,2025-12-04
3934,Carlos Pereira 3934,RS,Porto Alegre,2023-03-19
3935,Juliana Santos 3935,PR,Curitiba,2025-03-18
3936,Thiago Santos 3936,BA,Salvador,2024-08-24
3937,Gabriel Santos 3937,BA,Salvador,2024-11-02
3938,Mariana Souza 3938,PR,Curitiba,2023-12-22
3939,Daniela Souza 3939,SC,Florianopolis,2025-09-01
3940,Lucas Silva 3940,SC,Florianopolis,2025-07-05
3941,Eduardo Santos 3941,SP,Sao Paulo,2024-06-28
3942,Bruno Pereira 3942,RS,Porto Alegre,2023-06-28
3943,Rafael Santos 3943,MG,Belo Horizonte,2025-07-24
3944,Eduardo Almeida 3944,PE,Recife,2023-05-04
3945,Mariana Oliveira 3945,SP,Sao Paulo,2024-07-10
3946,Mariana Rodrigues 3946,PR,Curitiba,2025-11-19
3947,Lucas Rodrigues 3947,MG,Belo Horizonte,2023-10-08
3948,Lucas Rodrigues 3948,SC,Florianopolis,2023-04-30
3949,Igor Costa 3949,PE,Recife,2025-06-24
3950,Vanessa Pereira 3950,MG,Belo Horizonte,2023-10-11
3951,Lucas Rodrigues 3951,BA,Salvador,2024-07-26
3952,Juliana Oliveira 3952,BA,Salvador,2024-10-11
3953,Daniela Santos 3953,MG,Belo Horizonte,2024-09-15
3954,Ana Oliveira 3954,SC,Florianopolis,2024-11-11
3955,Bruno Oliveira 3955,SP,Sao Paulo,2023-03-22
3956,Helena Souza 3956,RS,Porto Alegre,2025-02-01
3957,Eduardo Santos 3957,RJ,Rio de Janeiro,2024-04-29
3958,Carlos Souza 3958,BA,Salvador,2024-10-11
3959,Lucas Almeida 3959,SP,Sao Paulo,2024-10-25
3960,Gabriel Rodrigues 3960,SP,Sao Paulo,2025-12-04
3961,Juliana Costa 3961,MG,Belo Horizonte,2023-07-25
3962,Rafael Rodrigues 3962,RS,Porto Alegre,2025-11-30
3963,Vanessa Souza 3963,PE,Recife,2023-10-23
3964,Thiago Costa 3964,SC,Florianopolis,2025-07-08
3965,Ana Oliveira 3965,SC,Florianopolis,2023-11-03
3966,Fernanda Pereira 3966,BA,Salvador,2025-11-21
3967,Carlos Souza 3967,RS,Porto Alegre,2024-03-04
3968,Eduardo Souza 3968,MG,Belo Horizonte,2023-08-05
3969,Gabriel Oliveira 3969,RJ,Rio de Janeiro,2023-09-16
3970,Carlos Silva 3970,SP,Sao Paulo,2024-09-16
3971,Carlos Souza 3971,SC,Florianopolis,2023-01-17
3972,Vanessa Oliveira 3972,SC,Florianopolis,2024-06-21
3973,Mariana Silva 3973,PR,Curitiba,2025-08-06
3974,Rafael Santos 3974,MG,Belo Horizonte,2025-08-23
3975,Fernanda Pereira 3975,PE,Recife,2023-12-29
3976,Lucas Costa 3976,PE,Recife,2025-08-08
3977,Vanessa Oliveira 3977,BA,Salvador,2024-06-28
3978,Bruno Pereira 3978,SC,Florianopolis,2023-11-13
3979,Thiago Rodrigues 3979,MG,Belo Horizonte,2023-07-04
3980,Rafael Silva 3980,PR,Curitiba,2023-07-29
3981,Daniela Almeida 3981,MG,Belo Horizonte,2025-06-19
3982,Thiago Souza 3982,MG,Belo Horizonte,2023-05-10
3983,Gabriel Oliveira 3983,PR,Curitiba,2025-06-26
3984,Fernanda Oliveira 3984,SP,Sao Paulo,2024-10-29
3985,Renata Oliveira 3985,MG,Belo Horizonte,2024-03-14
3986,Lucas Santos 3986,RJ,Rio de Janeiro,2025-05-24
3987,Eduardo Souza 3987,RS,Porto Alegre,2024-04-28
3988,Mariana Souza 3988,MG,Belo Horizonte,2024-10-27
3989,Juliana Costa 3989,PR,Curitiba,2024-10-17
3990,Vanessa Almeida 3990,SC,Florianopolis,2023-09-08
3991,Fernanda Rodrigues 3991,PE,Recife,2024-03-24
3992,Ana Pereira 3992,RS,Porto Alegre,2024-05-21
3993,Vanessa Santos 3993,RS,Porto Alegre,2024-06-03
3994,Thiago Silva 3994,MG,Belo Horizonte,2025-07-04
3995,Thiago Santos 3995,MG,Belo Horizonte,2023-12-24
3996,Lucas Souza 3996,MG,Belo Horizonte,2023-04-24
3997,Vanessa Santos 3997,PE,Recife,2025-12-15
3998,Lucas Oliveira 3998,PR,Curitiba,2025-10-01
3999,Eduardo Silva 3999,PR,Curitiba,2023-09-25
4000,Mariana Rodrigues 4000,RJ,Rio de Janeiro,2023-10-03
4001,Fernanda Silva 4001,SP,Sao Paulo,2024-01-21
4002,Vanessa Almeida 4002,SP,Sao Paulo,2024-06-27
4003,Gabriel Pereira 4003,PE,Recife,2024-12-16
4004,Helena Rodrigues 4004,BA,Salvador,2024-01-14
4005,Gabriel Silva 4005,SP,Sao Paulo,2023-03-24
4006,Helena Rodrigues 4006,RS,Porto Alegre,2024-09-10
4007,Daniela Almeida 4007,RJ,Rio de Janeiro,2024-10-18
4008,Fernanda Souza 4008,RJ,Rio de Janeiro,2024-12-11
4009,Eduardo Oliveira 4009,RJ,Rio de Janeiro,2023-02-16
4010,Carlos Costa 4010,BA,Salvador,2023-02-19
4011,Igor Souza 4011,PR,Curitiba,2025-09-05
4012,Ana Rodrigues 4012,SP,Sao Paulo,2024-02-07
4013,Gabriel Almeida 4013,PE,Recife,2023-06-19
4014,Eduardo Rodrigues 4014,RJ,Rio de Janeiro,2023-08-24
4015,Eduardo Santos 4015,SP,Sao Paulo,2023-11-06
4016,Daniela Almeida 4016,PR,Curitiba,2023-11-19
4017,Eduardo Silva 4017,SC,Florianopolis,2025-08-13
4018,Daniela Santos 4018,RJ,Rio de Janeiro,2023-07-02
4019,Daniela Oliveira 4019,SC,Florianopolis,2025-04-04
4020,Daniela Silva 4020,MG,Belo Horizonte,2023-03-27
4021,Lucas Almeida 4021,PE,Recife,2023-10-06
4022,Gabriel Silva 4022,PR,Curitiba,2024-02-10
4023,Renata Rodrigues 4023,RS,Porto Alegre,2024-01-30
4024,Ana Oliveira 4024,BA,Salvador,2024-03-02
4025,Daniela Oliveira 4025,PE,Recife,2024-09-09
4026,Daniela Santos 4026,RS,Porto Alegre,2023-12-27
4027,Rafael Oliveira 4027,RS,Porto Alegre,2023-02-16
4028,Lucas Oliveira 4028,BA,Salvador,2023-01-18
4029,Rafael Oliveira 4029,MG,Belo Horizonte,2024-08-10
4030,Mariana Pereira 4030,SP,Sao Paulo,2024-02-01
4031,Ana Souza 4031,SC,Florianopolis,2023-05-16
4032,Vanessa Silva 4032,BA,Salvador,2023-09-20
4033,Thiago Santos 4033,RJ,Rio de Janeiro,2024-04-13
4034,Gabriel Rodrigues 4034,MG,Belo Horizonte,2024-07-18
4035,Mariana Rodrigues 4035,BA,Salvador,2024-10-30
4036,Gabriel Silva 4036,RS,Porto Alegre,2023-09-24
4037,Eduardo Silva 4037,RS,Porto Alegre,2023-06-03
4038,Bruno Rodrigues 4038,MG,Belo Horizonte,2025-09-13
4039,Fernanda Almeida 4039,RJ,Rio de Janeiro,2025-01-11
4040,Igor Silva 4040,PR,Curitiba,2025-10-10
4041,Thiago Santos 4041,MG,Belo Horizonte,2023-05-06
4042,Ana Rodrigues 4042,SC,Florianopolis,2025-05-22
4043,Eduardo Costa 4043,PR,Curitiba,2023-09-24
4044,Lucas Costa 4044,RJ,Rio de Janeiro,2024-12-02
4045,Helena Costa 4045,MG,Belo Horizonte,2023-01-16
4046,Bruno Santos 4046,SP,Sao Paulo,2024-05-26
4047,Rafael Almeida 4047,SP,Sao Paulo,2025-01-13
4048,Renata Costa 4048,PE,Recife,2025-01-24
4049,Thiago Pereira 4049,RJ,Rio de Janeiro,2025-01-29
4050,Renata Oliveira 4050,BA,Salvador,2024-08-06
4051,Vanessa Santos 4051,PR,Curitiba,2024-05-29
4052,Thiago Rodrigues 4052,MG,Belo Horizonte,2024-05-29
4053,Bruno Silva 4053,SP,Sao Paulo,2023-08-15
4054,Daniela Silva 4054,RJ,Rio de Janeiro,2025-11-19
4055,Renata Souza 4055,PR,Curitiba,2023-02-24
4056,Rafael Costa 4056,RJ,Rio de Janeiro,2025-07-09
4057,Fernanda Rodrigues 4057,RJ,Rio de Janeiro,2025-09-28
4058,Daniela Pereira 4058,SP,Sao Paulo,2023-01-27
4059,Eduardo Silva 4059,PE,Recife,2023-08-08
4060,Bruno Almeida 4060,RJ,Rio de Janeiro,2024-12-02
4061,Bruno Rodrigues 4061,RJ,Rio de Janeiro,2024-02-05
4062,Helena Silva 4062,PE,Recife,2023-07-28
4063,Lucas Santos 4063,PE,Recife,2024-04-14
4064,Mariana Costa 4064,SP,Sao Paulo,2024-08-12
4065,Gabriel Rodrigues 4065,PE,Recife,2024-09-06
4066,Gabriel Silva 4066,MG,Belo Horizonte,2023-08-22
4067,Fernanda Pereira 4067,SP,Sao Paulo,2025-06-10
4068,Renata Rodrigues 4068,BA,Salvador,2025-07-04
4069,Ana Souza 4069,RS,Porto Alegre,2025-10-13
4070,Lucas Souza 4070,RJ,Rio de Janeiro,2023-01-12
4071,Fernanda Almeida 4071,PR,Curitiba,2025-04-04
4072,Rafael Rodrigues 4072,RS,Porto Alegre,2025-06-14
4073,Mariana Santos 4073,MG,Belo Horizonte,2023-06-11
4074,Vanessa Silva 4074,PR,Curitiba,2023-10-11
4075,Igor Rodrigues 4075,SP,Sao Paulo,2023-04-28
4076,Daniela Costa 4076,SC,Florianopolis,2025-05-21
4077,Carlos Santos 4077,BA,Salvador,2023-02-21
4078,Vanessa Almeida 4078,SP,Sao Paulo,2025-07-04
4079,Bruno Silva 4079,RJ,Rio de Janeiro,2024-05-31
4080,Carlos Costa 4080,RS,Porto Alegre,2024-04-28
4081,Helena Santos 4081,SP,Sao Paulo,2024-10-07
4082,Bruno Costa 4082,BA,Salvador,2023-12-19
4083,Vanessa Rodrigues 4083,SP,Sao Paulo,2024-09-01
4084,Carlos Souza 4084,PE,Recife,2024-04-03
4085,Daniela Rodrigues 4085,PE,Recife,2025-06-18
4086,Daniela Rodrigues 4086,SC,Florianopolis,2024-08-22
4087,Eduardo Souza 4087,SC,Florianopolis,2023-07-23
4088,Bruno Almeida 4088,PE,Recife,2024-08-10
4089,Helena Souza 4089,PE,Recife,2024-06-29
4090,Renata Oliveira 4090,MG,Belo Horizonte,2024-10-22
4091,Juliana Santos 4091,PR,Curitiba,2025-11-21
4092,Carlos Costa 4092,PE,Recife,2023-01-31
4093,Eduardo Silva 4093,MG,Belo Horizonte,2025-06-01
4094,Bruno Almeida 4094,PR,Curitiba,2025-08-14
4095,Carlos Rodrigues 4095,MG,Belo Horizonte,2023-08-05
4096,Ana Costa 4096,SP,Sao Paulo,2023-11-21
4097,Helena Pereira 4097,RJ,Rio de Janeiro,2023-06-21
4098,Daniela Santos 4098,PE,Recife,2023-10-28
4099,Juliana Silva 4099,PE,Recife,2023-02-15
4100,Igor Costa 4100,RJ,Rio de Janeiro,2025-03-28
4101,Daniela Almeida 4101,MG,Belo Horizonte,2023-11-26
4102,Helena Almeida 4102,BA,Salvador,2025-12-04
4103,Ana Oliveira 4103,BA,Salvador,2025-06-15
4104,Igor Silva 4104,SP,Sao Paulo,2023-02-22
4105,Lucas Almeida 4105,SC,Florianopolis,2025-08-29
4106,Gabriel Rodrigues 4106,RJ,Rio de Janeiro,2024-01-04
4107,Rafael Santos 4107,RJ,Rio de Janeiro,2024-09-05
4108,Vanessa Costa 4108,RJ,Rio de Janeiro,2023-11-20
4109,Eduardo Almeida 4109,MG,Belo Horizonte,2025-05-17
4110,Bruno Costa 4110,SC,Florianopolis,2025-09-04
4111,Helena Santos 4111,SP,Sao Paulo,2024-12-27
4112,Renata Santos 4112,RS,Porto Alegre,2023-07-01
4113,Bruno Almeida 4113,BA,Salvador,2025-05-24
4114,Vanessa Costa 4114,PR,Curitiba,2023-12-29
4115,Rafael Pereira 4115,PR,Curitiba,2024-11-13
4116,Rafael Oliveira 4116,RJ,Rio de Janeiro,2025-07-31
4117,Renata Costa 4117,RS,Porto Alegre,2023-04-03
4118,Helena Costa 4118,SC,Florianopolis,2025-02-24
4119,Igor Almeida 4119,SC,Florianopolis,2023-02-22
4120,Carlos Almeida 4120,RS,Porto Alegre,2023-11-07
4121,Lucas Santos 4121,SP,Sao Paulo,2023-11-10
4122,Fernanda Pereira 4122,SC,Florianopolis,2023-10-19
4123,Igor Oliveira 4123,PR,Curitiba,2025-04-12
4124,Helena Costa 4124,SP,Sao Paulo,2025-10-26
4125,Helena Silva 4125,SC,Florianopolis,2025-12-26
4126,Igor Rodrigues 4126,SC,Florianopolis,2023-10-09
4127,Thiago Santos 4127,PE,Recife,2023-11-06
4128,Carlos Santos 4128,SC,Florianopolis,2023-02-15
4129,Gabriel Santos 4129,RS,Porto Alegre,2023-06-01
4130,Fernanda Souza 4130,PR,Curitiba,2025-01-02
4131,Helena Souza 4131,SC,Florianopolis,2023-08-10
4132,Ana Pereira 4132,PE,Recife,2025-04-14
4133,Bruno Costa 4133,MG,Belo Horizonte,2024-05-24
4134,Daniela Rodrigues 4134,BA,Salvador,2025-11-12
4135,Fernanda Pereira 4135,BA,Salvador,2023-02-14
4136,Vanessa Oliveira 4136,RS,Porto Alegre,2024-09-10
4137,Daniela Rodrigues 4137,RS,Porto Alegre,2023-09-13
4138,Gabriel Costa 4138,BA,Salvador,2023-03-06
4139,Renata Rodrigues 4139,RS,Porto Alegre,2023-02-27
4140,Vanessa Santos 4140,RJ,Rio de Janeiro,2025-08-20
4141,Bruno Silva 4141,MG,Belo Horizonte,2024-06-13
4142,Eduardo Santos 4142,SC,Florianopolis,2025-08-03
4143,Thiago Costa 4143,RS,Porto Alegre,2023-06-13
4144,Daniela Souza 4144,SC,Florianopolis,2025-11-24
4145,Rafael Rodrigues 4145,BA,Salvador,2024-01-14
4146,Helena Rodrigues 4146,RS,Porto Alegre,2025-05-14
4147,Rafael Costa 4147,PE,Recife,2024-09-30
4148,Lucas Costa 4148,RJ,Rio de Janeiro,2024-11-01
4149,Daniela Santos 4149,BA,Salvador,2023-04-11
4150,Bruno Almeida 4150,MG,Belo Horizonte,2024-01-05
4151,Rafael Silva 4151,BA,Salvador,2024-05-19
4152,Carlos Almeida 4152,BA,Salvador,2023-08-21
4153,Bruno Souza 4153,RJ,Rio de Janeiro,2025-05-15
4154,Renata Pereira 4154,SC,Florianopolis,2024-02-29
4155,Eduardo Santos 4155,PR,Curitiba,2025-04-21
4156,Mariana Silva 4156,RS,Porto Alegre,2024-11-02
4157,Ana Silva 4157,SC,Florianopolis,2025-09-21
4158,Eduardo Costa 4158,SP,Sao Paulo,2024-09-08
4159,Bruno Costa 4159,RS,Porto Alegre,2024-01-02
4160,Igor Rodrigues 4160,SC,Florianopolis,2025-02-07
4161,Renata Silva 4161,SC,Florianopolis,2025-10-15
4162,Igor Oliveira 4162,BA,Salvador,2025-06-11
4163,Lucas Rodrigues 4163,SP,Sao Paulo,2024-09-28
4164,Thiago Pereira 4164,BA,Salvador,2025-09-30
4165,Juliana Pereira 4165,SP,Sao Paulo,2025-07-11
4166,Ana Rodrigues 4166,PR,Curitiba,2024-01-29
4167,Mariana Costa 4167,MG,Belo Horizonte,2024-05-11
4168,Eduardo Oliveira 4168,SC,Florianopolis,2025-02-19
4169,Juliana Silva 4169,SC,Florianopolis,2024-11-20
4170,Lucas Pereira 4170,RJ,Rio de Janeiro,2025-03-23
4171,Ana Rodrigues 4171,PR,Curitiba,2023-04-20
4172,Daniela Oliveira 4172,MG,Belo Horizonte,2024-01-18
4173,Fernanda Almeida 4173,MG,Belo Horizonte,2024-08-25
4174,Vanessa Costa 4174,SC,Florianopolis,2025-09-06
4175,Lucas Santos 4175,SC,Florianopolis,2023-10-03
4176,Daniela Santos 4176,SC,Florianopolis,2023-02-26
4177,Daniela Santos 4177,MG,Belo Horizonte,2024-07-29
4178,Igor Rodrigues 4178,BA,Salvador,2025-10-27
4179,Ana Santos 4179,SP,Sao Paulo,2023-01-13
4180,Rafael Almeida 4180,PE,Recife,2025-11-23
4181,Gabriel Santos 4181,PE,Recife,2023-09-19
4182,Thiago Silva 4182,MG,Belo Horizonte,2025-01-03
4183,Eduardo Rodrigues 4183,RS,Porto Alegre,2025-07-02
4184,Renata Santos 4184,RS,Porto Alegre,2023-12-03
4185,Fernanda Silva 4185,MG,Belo Horizonte,2023-08-16
4186,Igor Souza 4186,PR,Curitiba,2025-12-18
4187,Helena Rodrigues 4187,PE,Recife,2024-12-01
4188,Bruno Almeida 4188,BA,Salvador,2025-03-01
4189,Mariana Costa 4189,BA,Salvador,2023-12-12
4190,Eduardo Santos 4190,MG,Belo Horizonte,2024-09-26
4191,Lucas Costa 4191,PR,Curitiba,2025-10-28
4192,Bruno Silva 4192,BA,Salvador,2024-07-03
4193,Juliana Pereira 4193,SC,Florianopolis,2024-06-05
4194,Lucas Oliveira 4194,RS,Porto Alegre,2025-08-14
4195,Daniela Oliveira 4195,PR,Curitiba,2023-06-07
4196,Thiago Costa 4196,PR,Curitiba,2023-11-12
4197,Thiago Almeida 4197,PE,Recife,2023-06-23
4198,Helena Costa 4198,SC,Florianopolis,2024-02-27
4199,Fernanda Silva 4199,MG,Belo Horizonte,2025-09-29
4200,Fernanda Santos 4200,PR,Curitiba,2025-02-16
4201,Ana Silva 4201,PE,Recife,2024-12-25
4202,Helena Silva 4202,RJ,Rio de Janeiro,2025-03-03
4203,Gabriel Silva 4203,RS,Porto Alegre,2024-11-04
4204,Lucas Oliveira 4204,SC,Florianopolis,2024-04-15
4205,Lucas Souza 4205,RS,Porto Alegre,2024-04-14
4206,Bruno Santos 4206,RS,Porto Alegre,2023-01-25
4207,Thiago Almeida 4207,RJ,Rio de Janeiro,2025-03-22
4208,Carlos Rodrigues 4208,RS,Porto Alegre,2025-11-19
4209,Igor Costa 4209,BA,Salvador,2023-12-19
4210,Igor Costa 4210,RS,Porto Alegre,2025-01-06
4211,Gabriel Pereira 4211,SC,Florianopolis,2023-04-20
4212,Gabriel Almeida 4212,RJ,Rio de Janeiro,2025-08-31
4213,Lucas Souza 4213,RJ,Rio de Janeiro,2023-02-01
4214,Thiago Costa 4214,RJ,Rio de Janeiro,2023-10-29
4215,Eduardo Silva 4215,SC,Florianopolis,2025-05-21
4216,Vanessa Oliveira 4216,RS,Porto Alegre,2024-10-06
4217,Igor Almeida 4217,PE,Recife,2023-08-03
4218,Rafael Souza 4218,MG,Belo Horizonte,2024-06-03
4219,Rafael Costa 4219,SP,Sao Paulo,2023-07-03
4220,Eduardo Souza 4220,MG,Belo Horizonte,2024-07-02
4221,Fernanda Souza 4221,PR,Curitiba,2025-07-09
4222,Eduardo Santos 4222,PR,Curitiba,2023-07-31
4223,Rafael Oliveira 4223,PE,Recife,2023-03-03
4224,Bruno Souza 4224,PR,Curitiba,2023-12-20
4225,Daniela Silva 4225,MG,Belo Horizonte,2023-10-26
4226,Fernanda Souza 4226,RJ,Rio de Janeiro,2023-01-31
4227,Ana Santos 4227,MG,Belo Horizonte,2023-01-05
4228,Renata Rodrigues 4228,SC,Florianopolis,2025-08-02
4229,Ana Almeida 4229,RJ,Rio de Janeiro,2023-04-03
4230,Ana Santos 4230,SC,Florianopolis,2023-09-07
4231,Mariana Rodrigues 4231,RS,Porto Alegre,2024-01-23
4232,Bruno Souza 4232,RJ,Rio de Janeiro,2024-08-14
4233,Helena Santos 4233,RS,Porto Alegre,2024-10-15
4234,Igor Rodrigues 4234,SP,Sao Paulo,2025-09-15
4235,Lucas Costa 4235,MG,Belo Horizonte,2024-02-04
4236,Daniela Silva 4236,SC,Florianopolis,2024-10-09
4237,Ana Almeida 4237,SP,Sao Paulo,2024-02-11
4238,Ana Pereira 4238,SC,Florianopolis,2024-01-09
4239,Rafael Almeida 4239,RS,Porto Alegre,2024-11-05
4240,Ana Silva 4240,RJ,Rio de Janeiro,2024-11-09
4241,Rafael Rodrigues 4241,SC,Florianopolis,2025-06-05
4242,Carlos Silva 4242,RS,Porto Alegre,2023-07-08
4243,Juliana Santos 4243,SC,Florianopolis,2025-01-29
4244,Juliana Silva 4244,RJ,Rio de Janeiro,2024-04-05
4245,Daniela Rodrigues 4245,PE,Recife,2024-10-25
4246,Bruno Silva 4246,RS,Porto Alegre,2025-08-19
4247,Renata Rodrigues 4247,BA,Salvador,2024-02-03
4248,Eduardo Rodrigues 4248,PR,Curitiba,2024-08-25
4249,Rafael Almeida 4249,SC,Florianopolis,2023-11-23
4250,Helena Rodrigues 4250,SP,Sao Paulo,2025-12-17
4251,Vanessa Santos 4251,RJ,Rio de Janeiro,2025-08-25
4252,Mariana Rodrigues 4252,BA,Salvador,2023-03-04
4253,Thiago Santos 4253,MG,Belo Horizonte,2025-01-13
4254,Ana Souza 4254,PE,Recife,2025-02-11
4255,Carlos Oliveira 4255,MG,Belo Horizonte,2023-02-15
4256,Thiago Oliveira 4256,SC,Florianopolis,2025-01-04
4257,Juliana Santos 4257,SC,Florianopolis,2023-01-31
4258,Eduardo Santos 4258,SP,Sao Paulo,2025-01-24
4259,Lucas Pereira 4259,PE,Recife,2025-01-09
4260,Vanessa Almeida 4260,RJ,Rio de Janeiro,2025-08-01
4261,Eduardo Almeida 4261,RS,Porto Alegre,2023-07-04
4262,Fernanda Santos 4262,RS,Porto Alegre,2025-02-27
4263,Igor Santos 4263,RJ,Rio de Janeiro,2023-10-24
4264,Renata Costa 4264,SC,Florianopolis,2023-10-10
4265,Eduardo Almeida 4265,MG,Belo Horizonte,2023-11-30
4266,Carlos Almeida 4266,BA,Salvador,2025-11-15
4267,Mariana Costa 4267,SP,Sao Paulo,2024-06-25
4268,Mariana Costa 4268,MG,Belo Horizonte,2023-08-04
4269,Bruno Pereira 4269,BA,Salvador,2025-09-22
4270,Eduardo Silva 4270,SC,Florianopolis,2025-11-01
4271,Mariana Almeida 4271,MG,Belo Horizonte,2023-09-16
4272,Bruno Santos 4272,SP,Sao Paulo,2023-02-06
4273,Lucas Rodrigues 4273,SC,Florianopolis,2024-03-25
4274,Thiago Oliveira 4274,RS,Porto Alegre,2023-04-19
4275,Igor Almeida 4275,PR,Curitiba,2023-10-06
4276,Fernanda Pereira 4276,MG,Belo Horizonte,2025-10-27
4277,Bruno Santos 4277,RS,Porto Alegre,2023-01-11
4278,Fernanda Oliveira 4278,PE,Recife,2025-12-01
4279,Helena Santos 4279,RS,Porto Alegre,2025-07-15
4280,Carlos Rodrigues 4280,MG,Belo Horizonte,2025-05-09
4281,Vanessa Santos 4281,BA,Salvador,2023-01-13
4282,Bruno Santos 4282,SP,Sao Paulo,2024-12-20
4283,Ana Oliveira 4283,RJ,Rio de Janeiro,2025-01-31
4284,Carlos Pereira 4284,PE,Recife,2023-08-12
4285,Carlos Silva 4285,MG,Belo Horizonte,2025-05-25
4286,Thiago Silva 4286,BA,Salvador,2024-04-10
4287,Bruno Silva 4287,MG,Belo Horizonte,2024-02-13
4288,Renata Pereira 4288,PE,Recife,2023-05-26
4289,Vanessa Costa 4289,SP,Sao Paulo,2023-01-10
4290,Juliana Pereira 4290,RJ,Rio de Janeiro,2025-10-29
4291,Eduardo Almeida 4291,RS,Porto Alegre,2024-04-09
4292,Renata Pereira 4292,SC,Florianopolis,2024-03-12
4293,Igor Almeida 4293,MG,Belo Horizonte,2024-06-10
4294,Carlos Oliveira 4294,RJ,Rio de Janeiro,2025-04-26
4295,Juliana Santos 4295,PE,Recife,2024-02-19
4296,Bruno Costa 4296,PR,Curitiba,2023-05-25
4297,Eduardo Pereira 4297,BA,Salvador,2023-04-03
4298,Fernanda Santos 4298,SC,Florianopolis,2024-03-30
4299,Gabriel Pereira 4299,PE,Recife,2024-08-30
4300,Helena Pereira 4300,PE,Recife,2024-06-08
4301,Bruno Rodrigues 4301,MG,Belo Horizonte,2025-05-11
4302,Bruno Rodrigues 4302,RS,Porto Alegre,2025-06-10
4303,Helena Costa 4303,PE,Recife,2024-02-01
4304,Gabriel Costa 4304,RS,Porto Alegre,2025-10-27
4305,Helena Rodrigues 4305,MG,Belo Horizonte,2024-10-13
4306,Eduardo Silva 4306,RS,Porto Alegre,2025-04-11
4307,Bruno Almeida 4307,BA,Salvador,2024-11-15
4308,Bruno Rodrigues 4308,PE,Recife,2024-07-20
4309,Lucas Pereira 4309,BA,Salvador,2025-07-08
4310,Rafael Oliveira 4310,RJ,Rio de Janeiro,2025-01-15
4311,Ana Silva 4311,PR,Curitiba,2024-01-10
4312,Daniela Silva 4312,BA,Salvador,2024-10-26
4313,Ana Santos 4313,PE,Recife,2024-09-25
4314,Carlos Santos 4314,PR,Curitiba,2023-07-24
4315,Rafael Santos 4315,PE,Recife,2025-11-05
4316,Lucas Costa 4316,SP,Sao Paulo,2023-10-19
4317,Bruno Oliveira 4317,PE,Recife,2025-03-07
4318,Rafael Pereira 4318,MG,Belo Horizonte,2023-02-18
4319,Igor Santos 4319,PR,Curitiba,2024-10-07
4320,Carlos Oliveira 4320,MG,Belo Horizonte,2023-01-02
4321,Lucas Pereira 4321,MG,Belo Horizonte,2025-06-15
4322,Fernanda Rodrigues 4322,SP,Sao Paulo,2023-01-22
4323,Lucas Santos 4323,SP,Sao Paulo,2023-06-11
4324,Fernanda Pereira 4324,BA,Salvador,2024-03-15
4325,Lucas Silva 4325,RS,Porto Alegre,2025-06-20
4326,Bruno Almeida 4326,PE,Recife,2024-08-01
4327,Gabriel Oliveira 4327,RJ,Rio de Janeiro,2025-06-26
4328,Mariana Pereira 4328,PE,Recife,2023-04-12
4329,Carlos Silva 4329,SP,Sao Paulo,2024-04-17
4330,Juliana Souza 4330,SP,Sao Paulo,2025-03-15
4331,Gabriel Santos 4331,RS,Porto Alegre,2023-01-25
4332,Mariana Oliveira 4332,SP,Sao Paulo,2024-07-22
4333,Renata Silva 4333,SP,Sao Paulo,2024-03-15
4334,Carlos Costa 4334,RS,Porto Alegre,2023-05-12
4335,Lucas Oliveira 4335,RJ,Rio de Janeiro,2024-03-29
4336,Helena Pereira 4336,BA,Salvador,2024-12-09
4337,Bruno Pereira 4337,BA,Salvador,2023-10-28
4338,Bruno Silva 4338,SC,Florianopolis,2023-05-25
4339,Ana Silva 4339,SC,Florianopolis,2025-09-24
4340,Bruno Santos 4340,SC,Florianopolis,2025-05-27
4341,Vanessa Costa 4341,SC,Florianopolis,2025-06-18
4342,Vanessa Costa 4342,SP,Sao Paulo,2024-05-09
4343,Gabriel Costa 4343,MG,Belo Horizonte,2024-03-22
4344,Helena Silva 4344,RS,Porto Alegre,2025-02-06
4345,Vanessa Almeida 4345,SP,Sao Paulo,2025-03-15
4346,Lucas Pereira 4346,SC,Florianopolis,2023-11-18
4347,Fernanda Pereira 4347,SP,Sao Paulo,2024-03-22
4348,Vanessa Souza 4348,SP,Sao Paulo,2023-05-30
4349,Igor Oliveira 4349,SC,Florianopolis,2024-10-03
4350,Juliana Santos 4350,SC,Florianopolis,2024-01-12
4351,Igor Oliveira 4351,PE,Recife,2026-01-05
4352,Eduardo Souza 4352,SP,Sao Paulo,2024-01-18
4353,Lucas Santos 4353,PR,Curitiba,2024-09-22
4354,Bruno Silva 4354,RJ,Rio de Janeiro,2023-02-01
4355,Mariana Souza 4355,SC,Florianopolis,2023-04-06
4356,Igor Souza 4356,SP,Sao Paulo,2025-04-27
4357,Daniela Santos 4357,SP,Sao Paulo,2023-11-07
4358,Thiago Souza 4358,SC,Florianopolis,2025-03-15
4359,Juliana Pereira 4359,MG,Belo Horizonte,2023-01-14
4360,Thiago Pereira 4360,PE,Recife,2024-11-15
4361,Fernanda Rodrigues 4361,MG,Belo Horizonte,2023-06-29
4362,Rafael Silva 4362,RS,Porto Alegre,2023-12-10
4363,Renata Oliveira 4363,PR,Curitiba,2024-05-07
4364,Thiago Pereira 4364,SP,Sao Paulo,2023-10-17
4365,Fernanda Santos 4365,BA,Salvador,2025-12-02
4366,Thiago Silva 4366,RS,Porto Alegre,2025-08-04
4367,Thiago Santos 4367,MG,Belo Horizonte,2023-01-03
4368,Fernanda Souza 4368,RJ,Rio de Janeiro,2024-12-06
4369,Gabriel Rodrigues 4369,SP,Sao Paulo,2024-01-06
4370,Fernanda Santos 4370,MG,Belo Horizonte,2023-07-22
4371,Daniela Almeida 4371,BA,Salvador,2025-12-10
4372,Daniela Rodrigues 4372,SP,Sao Paulo,2025-01-19
4373,Renata Souza 4373,RJ,Rio de Janeiro,2023-08-18
4374,Carlos Pereira 4374,BA,Salvador,2024-11-11
4375,Fernanda Santos 4375,PE,Recife,2025-08-21
4376,Bruno Silva 4376,SC,Florianopolis,2025-11-24
4377,Vanessa Souza 4377,BA,Salvador,2024-04-29
4378,Eduardo Almeida 4378,RJ,Rio de Janeiro,2025-02-07
4379,Igor Pereira 4379,MG,Belo Horizonte,2025-11-08
4380,Daniela Oliveira 4380,RS,Porto Alegre,2023-04-20
4381,Fernanda Silva 4381,MG,Belo Horizonte,2025-09-03
4382,Gabriel Costa 4382,SP,Sao Paulo,2023-12-30
4383,Eduardo Oliveira 4383,MG,Belo Horizonte,2024-04-13
4384,Carlos Costa 4384,SP,Sao Paulo,2024-05-31
4385,Igor Souza 4385,RS,Porto Alegre,2025-09-24
4386,Daniela Santos 4386,MG,Belo Horizonte,2025-12-10
4387,Gabriel Silva 4387,SC,Florianopolis,2025-01-07
4388,Eduardo Silva 4388,MG,Belo Horizonte,2023-01-27
4389,Igor Oliveira 4389,PR,Curitiba,2023-04-14
4390,Eduardo Almeida 4390,PR,Curitiba,2023-09-26
4391,Eduardo Santos 4391,PE,Recife,2025-01-05
4392,Gabriel Silva 4392,PR,Curitiba,2025-02-02
4393,Carlos Rodrigues 4393,MG,Belo Horizonte,2025-10-27
4394,Renata Costa 4394,BA,Salvador,2023-04-07
4395,Ana Silva 4395,SC,Florianopolis,2024-02-08
4396,Thiago Almeida 4396,BA,Salvador,2024-04-17
4397,Rafael Santos 4397,PE,Recife,2024-12-29
4398,Carlos Silva 4398,PR,Curitiba,2023-09-28
4399,Renata Santos 4399,MG,Belo Horizonte,2023-07-03
4400,Rafael Silva 4400,PE,Recife,2024-09-03
4401,Gabriel Santos 4401,MG,Belo Horizonte,2025-12-23
4402,Helena Costa 4402,SP,Sao Paulo,2024-06-23
4403,Rafael Oliveira 4403,RJ,Rio de Janeiro,2025-03-03
4404,Gabriel Santos 4404,MG,Belo Horizonte,2023-06-16
4405,Ana Silva 4405,SC,Florianopolis,2025-09-24
4406,Mariana Rodrigues 4406,BA,Salvador,2025-04-11
4407,Bruno Rodrigues 4407,SC,Florianopolis,2025-08-01
4408,Eduardo Santos 4408,PR,Curitiba,2025-03-17
4409,Mariana Silva 4409,SC,Florianopolis,2025-01-11
4410,Igor Costa 4410,RS,Porto Alegre,2024-08-10
4411,Renata Rodrigues 4411,SP,Sao Paulo,2025-06-22
4412,Gabriel Souza 4412,PR,Curitiba,2024-09-19
4413,Ana Costa 4413,SC,Florianopolis,2024-12-05
4414,Thiago Souza 4414,SC,Florianopolis,2023-12-09
4415,Rafael Oliveira 4415,MG,Belo Horizonte,2023-12-12
4416,Carlos Costa 4416,SC,Florianopolis,2023-08-29
4417,Gabriel Rodrigues 4417,MG,Belo Horizonte,2024-06-07
4418,Lucas Costa 4418,MG,Belo Horizonte,2024-12-04
4419,Bruno Almeida 4419,MG,Belo Horizonte,2023-07-27
4420,Eduardo Souza 4420,RJ,Rio de Janeiro,2025-04-14
4421,Rafael Costa 4421,RS,Porto Alegre,2023-06-23
4422,Lucas Souza 4422,PR,Curitiba,2024-02-16
4423,Thiago Oliveira 4423,MG,Belo Horizonte,2024-07-30
4424,Mariana Souza 4424,BA,Salvador,2023-04-28
4425,Igor Souza 4425,PR,Curitiba,2024-05-17
4426,Carlos Santos 4426,SP,Sao Paulo,2024-05-08
4427,Vanessa Rodrigues 4427,BA,Salvador,2025-12-19
4428,Igor Pereira 4428,SP,Sao Paulo,2025-02-04
4429,Igor Almeida 4429,PE,Recife,2025-03-10
4430,Rafael Costa 4430,BA,Salvador,2025-07-17
4431,Mariana Souza 4431,BA,Salvador,2024-02-13
4432,Vanessa Costa 4432,SC,Florianopolis,2025-01-29
4433,Rafael Santos 4433,SC,Florianopolis,2025-03-02
4434,Igor Oliveira 4434,SC,Florianopolis,2024-03-03
4435,Lucas Costa 4435,RJ,Rio de Janeiro,2023-12-29
4436,Ana Pereira 4436,BA,Salvador,2023-02-15
4437,Carlos Pereira 4437,RS,Porto Alegre,2025-11-06
4438,Eduardo Pereira 4438,MG,Belo Horizonte,2025-03-28
4439,Rafael Costa 4439,BA,Salvador,2025-02-19
4440,Daniela Souza 4440,PE,Recife,2024-01-08
4441,Igor Oliveira 4441,SP,Sao Paulo,2025-07-17
4442,Daniela Costa 4442,PR,Curitiba,2025-01-23
4443,Daniela Costa 4443,MG,Belo Horizonte,2025-02-27
4444,Gabriel Souza 4444,SP,Sao Paulo,2024-06-26
4445,Daniela Costa 4445,MG,Belo Horizonte,2025-04-30
4446,Gabriel Silva 4446,BA,Salvador,2024-09-24
4447,Helena Almeida 4447,PE,Recife,2025-04-25
4448,Ana Silva 4448,PR,Curitiba,2023-08-02
4449,Mariana Oliveira 4449,RJ,Rio de Janeiro,2025-10-12
4450,Carlos Pereira 4450,MG,Belo Horizonte,2023-09-04
4451,Igor Pereira 4451,PE,Recife,2023-07-09
4452,Mariana Costa 4452,MG,Belo Horizonte,2024-03-04
4453,Thiago Costa 4453,MG,Belo Horizonte,2025-06-05
4454,Bruno Santos 4454,RS,Porto Alegre,2025-10-17
4455,Fernanda Silva 4455,PE,Recife,2024-02-02
4456,Eduardo Souza 4456,SC,Florianopolis,2024-11-30
4457,Thiago Oliveira 4457,PE,Recife,2025-08-05
4458,Lucas Rodrigues 4458,SC,Florianopolis,2025-03-30
4459,Thiago Silva 4459,PR,Curitiba,2024-02-04
4460,Bruno Silva 4460,RJ,Rio de Janeiro,2024-07-24
4461,Thiago Santos 4461,BA,Salvador,2023-11-09
4462,Lucas Silva 4462,SP,Sao Paulo,2025-01-22
4463,Eduardo Almeida 4463,SP,Sao Paulo,2023-02-21
4464,Carlos Costa 4464,MG,Belo Horizonte,2023-09-20
4465,Thiago Souza 4465,MG,Belo Horizonte,2024-10-16
4466,Ana Costa 4466,RJ,Rio de Janeiro,2025-05-21
4467,Gabriel Rodrigues 4467,PR,Curitiba,2023-09-10
4468,Fernanda Silva 4468,RJ,Rio de Janeiro,2025-10-09
4469,Gabriel Rodrigues 4469,PR,Curitiba,2023-09-07
4470,Eduardo Rodrigues 4470,BA,Salvador,2024-12-19
4471,Fernanda Almeida 4471,MG,Belo Horizonte,2023-02-24
4472,Eduardo Pereira 4472,PR,Curitiba,2024-12-05
4473,Helena Oliveira 4473,BA,Salvador,2024-03-12
4474,Thiago Souza 4474,MG,Belo Horizonte,2023-11-05
4475,Fernanda Silva 4475,PR,Curitiba,2025-12-05
4476,Vanessa Souza 4476,RS,Porto Alegre,2025-01-14
4477,Eduardo Souza 4477,BA,Salvador,2024-04-06
4478,Carlos Pereira 4478,SC,Florianopolis,2025-05-24
4479,Rafael Santos 4479,SP,Sao Paulo,2025-08-19
4480,Bruno Oliveira 4480,SP,Sao Paulo,2025-07-29
4481,Daniela Oliveira 4481,SC,Florianopolis,2025-10-16
4482,Bruno Santos 4482,PR,Curitiba,2025-02-19
4483,Daniela Oliveira 4483,SP,Sao Paulo,2025-10-03
4484,Mariana Souza 4484,SC,Florianopolis,2023-07-24
4485,Vanessa Rodrigues 4485,MG,Belo Horizonte,2023-07-03
4486,Igor Rodrigues 4486,RS,Porto Alegre,2025-12-29
4487,Lucas Almeida 4487,PE,Recife,2024-02-15
4488,Eduardo Souza 4488,RS,Porto Alegre,2023-09-26
4489,Eduardo Oliveira 4489,PR,Curitiba,2023-11-09
4490,Juliana Costa 4490,SP,Sao Paulo,2023-08-06
4491,Eduardo Oliveira 4491,MG,Belo Horizonte,2024-12-09
4492,Rafael Silva 4492,MG,Belo Horizonte,2024-12-25
4493,Lucas Souza 4493,SC,Florianopolis,2024-01-10
4494,Rafael Souza 4494,BA,Salvador,2023-04-11
4495,Carlos Santos 4495,PE,Recife,2024-05-16
4496,Rafael Almeida 4496,SP,Sao Paulo,2024-07-10
4497,Helena Silva 4497,RS,Porto Alegre,2023-08-03
4498,Helena Costa 4498,PE,Recife,2024-10-07
4499,Eduardo Silva 4499,RJ,Rio de Janeiro,2024-10-25
4500,Rafael Oliveira 4500,RJ,Rio de Janeiro,2024-03-26
4501,Juliana Rodrigues 4501,SC,Florianopolis,2023-04-28
4502,Mariana Rodrigues 4502,PR,Curitiba,2025-08-27
4503,Igor Almeida 4503,RJ,Rio de Janeiro,2024-10-04
4504,Lucas Costa 4504,SP,Sao Paulo,2025-01-10
4505,Carlos Pereira 4505,RJ,Rio de Janeiro,2023-12-23
4506,Igor Santos 4506,RJ,Rio de Janeiro,2025-05-26
4507,Lucas Rodrigues 4507,RJ,Rio de Janeiro,2024-12-01
4508,Carlos Rodrigues 4508,RS,Porto Alegre,2023-02-04
4509,Thiago Almeida 4509,PR,Curitiba,2024-10-19
4510,Bruno Almeida 4510,BA,Salvador,2024-01-14
4511,Ana Costa 4511,SP,Sao Paulo,2023-10-08
4512,Fernanda Silva 4512,MG,Belo Horizonte,2025-06-09
4513,Daniela Oliveira 4513,RJ,Rio de Janeiro,2025-10-13
4514,Juliana Santos 4514,RJ,Rio de Janeiro,2023-11-03
4515,Renata Rodrigues 4515,PR,Curitiba,2024-05-13
4516,Thiago Rodrigues 4516,PE,Recife,2025-12-25
4517,Vanessa Souza 4517,SP,Sao Paulo,2025-12-07
4518,Renata Almeida 4518,RJ,Rio de Janeiro,2023-12-04
4519,Carlos Oliveira 4519,PE,Recife,2024-04-18
4520,Rafael Silva 4520,MG,Belo Horizonte,2025-06-15
4521,Vanessa Rodrigues 4521,PE,Recife,2024-11-25
4522,Gabriel Costa 4522,BA,Salvador,2024-04-30
4523,Carlos Rodrigues 4523,PR,Curitiba,2023-08-25
4524,Gabriel Silva 4524,BA,Salvador,2024-09-24
4525,Helena Santos 4525,BA,Salvador,2024-01-08
4526,Fernanda Santos 4526,MG,Belo Horizonte,2023-04-04
4527,Ana Pereira 4527,RJ,Rio de Janeiro,2024-12-21
4528,Igor Costa 4528,PE,Recife,2025-02-13
4529,Vanessa Silva 4529,PE,Recife,2024-08-04
4530,Eduardo Rodrigues 4530,SP,Sao Paulo,2023-01-03
4531,Juliana Costa 4531,PE,Recife,2025-03-21
4532,Rafael Costa 4532,SC,Florianopolis,2025-10-13
4533,Juliana Santos 4533,PE,Recife,2025-07-10
4534,Rafael Pereira 4534,SC,Florianopolis,2024-02-17
4535,Igor Pereira 4535,SC,Florianopolis,2023-03-11
4536,Renata Souza 4536,SP,Sao Paulo,2023-02-17
4537,Helena Almeida 4537,BA,Salvador,2024-10-06
4538,Rafael Costa 4538,PR,Curitiba,2023-03-19
4539,Thiago Almeida 4539,SC,Florianopolis,2024-01-17
4540,Mariana Oliveira 4540,RJ,Rio de Janeiro,2023-08-14
4541,Lucas Souza 4541,SC,Florianopolis,2024-04-01
4542,Thiago Silva 4542,SP,Sao Paulo,2025-01-29
4543,Mariana Santos 4543,MG,Belo Horizonte,2025-01-23
4544,Fernanda Almeida 4544,MG,Belo Horizonte,2025-12-19
4545,Renata Costa 4545,SC,Florianopolis,2024-02-27
4546,Lucas Costa 4546,PR,Curitiba,2023-06-10
4547,Mariana Costa 4547,BA,Salvador,2025-03-16
4548,Helena Costa 4548,SC,Florianopolis,2025-06-09
4549,Juliana Souza 4549,BA,Salvador,2024-06-20
4550,Carlos Costa 4550,RS,Porto Alegre,2024-06-11
4551,Helena Souza 4551,RJ,Rio de Janeiro,2025-03-21
4552,Thiago Costa 4552,RS,Porto Alegre,2024-07-18
4553,Renata Costa 4553,PR,Curitiba,2024-07-06
4554,Fernanda Oliveira 4554,SP,Sao Paulo,2025-12-12
4555,Lucas Rodrigues 4555,PR,Curitiba,2023-04-08
4556,Gabriel Costa 4556,MG,Belo Horizonte,2025-09-03
4557,Fernanda Santos 4557,RJ,Rio de Janeiro,2024-05-25
4558,Eduardo Silva 4558,SP,Sao Paulo,2025-07-01
4559,Vanessa Silva 4559,MG,Belo Horizonte,2023-08-24
4560,Juliana Pereira 4560,PE,Recife,2024-10-31
4561,Renata Pereira 4561,PR,Curitiba,2024-08-10
4562,Eduardo Oliveira 4562,BA,Salvador,2025-08-25
4563,Ana Silva 4563,SP,Sao Paulo,2024-05-15
4564,Renata Costa 4564,RS,Porto Alegre,2024-07-23
4565,Eduardo Souza 4565,SC,Florianopolis,2023-05-12
4566,Eduardo Pereira 4566,SP,Sao Paulo,2023-02-26
4567,Daniela Souza 4567,RJ,Rio de Janeiro,2023-10-07
4568,Rafael Pereira 4568,PE,Recife,2024-11-13
4569,Lucas Pereira 4569,SC,Florianopolis,2024-01-25
4570,Renata Santos 4570,PE,Recife,2023-01-05
4571,Igor Pereira 4571,PR,Curitiba,2023-05-21
4572,Igor Pereira 4572,RS,Porto Alegre,2024-01-23
4573,Helena Santos 4573,SC,Florianopolis,2025-03-05
4574,Mariana Silva 4574,RJ,Rio de Janeiro,2024-04-01
4575,Fernanda Souza 4575,PR,Curitiba,2024-08-30
4576,Eduardo Silva 4576,SC,Florianopolis,2023-11-19
4577,Juliana Almeida 4577,PR,Curitiba,2024-02-04
4578,Igor Rodrigues 4578,RS,Porto Alegre,2024-01-11
4579,Ana Costa 4579,PR,Curitiba,2023-08-09
4580,Renata Rodrigues 4580,PR,Curitiba,2025-07-12
4581,Lucas Oliveira 4581,SP,Sao Paulo,2023-03-08
4582,Bruno Oliveira 4582,RS,Porto Alegre,2025-02-20
4583,Thiago Costa 4583,RJ,Rio de Janeiro,2025-09-24
4584,Igor Souza 4584,RJ,Rio de Janeiro,2025-08-11
4585,Gabriel Pereira 4585,SP,Sao Paulo,2024-09-10
4586,Helena Pereira 4586,SP,Sao Paulo,2023-11-14
4587,Fernanda Costa 4587,SP,Sao Paulo,2023-12-01
4588,Lucas Oliveira 4588,SC,Florianopolis,2025-03-11
4589,Fernanda Souza 4589,PE,Recife,2024-11-20
4590,Eduardo Souza 4590,PR,Curitiba,2023-10-01
4591,Ana Oliveira 4591,SP,Sao Paulo,2023-10-07
4592,Daniela Souza 4592,BA,Salvador,2025-04-01
4593,Helena Silva 4593,PR,Curitiba,2023-01-21
4594,Igor Rodrigues 4594,PR,Curitiba,2024-02-09
4595,Carlos Santos 4595,PE,Recife,2025-06-22
4596,Mariana Silva 4596,SC,Florianopolis,2025-07-23
4597,Eduardo Almeida 4597,PE,Recife,2025-05-24
4598,Helena Silva 4598,BA,Salvador,2024-10-07
4599,Mariana Souza 4599,MG,Belo Horizonte,2024-07-23
4600,Fernanda Souza 4600,SP,Sao Paulo,2023-06-10
4601,Fernanda Souza 4601,RS,Porto Alegre,2025-09-25
4602,Igor Oliveira 4602,SP,Sao Paulo,2024-03-19
4603,Juliana Almeida 4603,SP,Sao Paulo,2023-09-18
4604,Carlos Almeida 4604,RJ,Rio de Janeiro,2023-02-03
4605,Eduardo Costa 4605,MG,Belo Horizonte,2023-12-01
4606,Bruno Almeida 4606,SP,Sao Paulo,2025-02-03
4607,Thiago Santos 4607,SC,Florianopolis,2024-06-14
4608,Lucas Costa 4608,PE,Recife,2025-10-11
4609,Fernanda Costa 4609,SC,Florianopolis,2023-08-05
4610,Mariana Souza 4610,SP,Sao Paulo,2025-03-02
4611,Vanessa Oliveira 4611,PE,Recife,2023-11-12
4612,Carlos Oliveira 4612,BA,Salvador,2025-11-01
4613,Bruno Pereira 4613,MG,Belo Horizonte,2024-10-10
4614,Juliana Costa 4614,SC,Florianopolis,2025-03-18
4615,Vanessa Souza 4615,MG,Belo Horizonte,2024-05-21
4616,Carlos Oliveira 4616,PR,Curitiba,2025-07-13
4617,Carlos Santos 4617,RJ,Rio de Janeiro,2023-09-24
4618,Thiago Silva 4618,SP,Sao Paulo,2023-09-02
4619,Renata Silva 4619,PR,Curitiba,2024-12-10
4620,Bruno Almeida 4620,RJ,Rio de Janeiro,2025-07-19
4621,Helena Oliveira 4621,RS,Porto Alegre,2023-03-15
4622,Igor Pereira 4622,BA,Salvador,2023-08-01
4623,Daniela Almeida 4623,MG,Belo Horizonte,2024-10-13
4624,Fernanda Oliveira 4624,RJ,Rio de Janeiro,2023-12-20
4625,Igor Souza 4625,PE,Recife,2025-03-05
4626,Fernanda Oliveira 4626,PR,Curitiba,2025-07-19
4627,Juliana Oliveira 4627,SP,Sao Paulo,2025-01-08
4628,Rafael Oliveira 4628,MG,Belo Horizonte,2023-08-20
4629,Igor Rodrigues 4629,SC,Florianopolis,2024-10-18
4630,Ana Souza 4630,PR,Curitiba,2024-02-04
4631,Juliana Costa 4631,PR,Curitiba,2024-08-16
4632,Juliana Almeida 4632,PE,Recife,2023-02-07
4633,Igor Almeida 4633,BA,Salvador,2023-01-25
4634,Ana Pereira 4634,SP,Sao Paulo,2023-12-07
4635,Mariana Santos 4635,SC,Florianopolis,2025-11-05
4636,Thiago Almeida 4636,BA,Salvador,2024-01-24
4637,Rafael Rodrigues 4637,RS,Porto Alegre,2024-01-08
4638,Lucas Rodrigues 4638,PR,Curitiba,2023-11-24
4639,Fernanda Almeida 4639,PR,Curitiba,2024-07-02
4640,Lucas Oliveira 4640,PE,Recife,2025-08-29
4641,Eduardo Silva 4641,MG,Belo Horizonte,2025-01-04
4642,Rafael Pereira 4642,SC,Florianopolis,2023-06-14
4643,Eduardo Silva 4643,RJ,Rio de Janeiro,2023-10-18
4644,Eduardo Costa 4644,BA,Salvador,2023-11-19
4645,Lucas Rodrigues 4645,RJ,Rio de Janeiro,2023-05-27
4646,Eduardo Pereira 4646,PR,Curitiba,2023-03-28
4647,Helena Rodrigues 4647,BA,Salvador,2025-04-03
4648,Eduardo Rodrigues 4648,PR,Curitiba,2025-08-06
4649,Fernanda Silva 4649,MG,Belo Horizonte,2024-08-30
4650,Carlos Pereira 4650,SC,Florianopolis,2025-02-11
4651,Ana Pereira 4651,RS,Porto Alegre,2025-11-19
4652,Gabriel Santos 4652,RJ,Rio de Janeiro,2024-02-03
4653,Bruno Costa 4653,PR,Curitiba,2023-03-24
4654,Carlos Santos 4654,PR,Curitiba,2023-11-18
4655,Daniela Oliveira 4655,MG,Belo Horizonte,2023-11-07
4656,Juliana Santos 4656,RJ,Rio de Janeiro,2025-02-01
4657,Renata Rodrigues 4657,BA,Salvador,2023-11-11
4658,Juliana Silva 4658,PE,Recife,2025-04-02
4659,Lucas Costa 4659,RJ,Rio de Janeiro,2023-08-13
4660,Juliana Costa 4660,SP,Sao Paulo,2025-03-08
4661,Bruno Rodrigues 4661,MG,Belo Horizonte,2023-01-02
4662,Vanessa Almeida 4662,MG,Belo Horizonte,2025-10-26
4663,Lucas Pereira 4663,PE,Recife,2024-05-15
4664,Juliana Rodrigues 4664,SC,Florianopolis,2025-04-02
4665,Renata Oliveira 4665,RS,Porto Alegre,2023-09-01
4666,Fernanda Santos 4666,PR,Curitiba,2024-08-29
4667,Eduardo Oliveira 4667,MG,Belo Horizonte,2025-06-12
4668,Fernanda Silva 4668,RJ,Rio de Janeiro,2024-01-31
4669,Bruno Costa 4669,RS,Porto Alegre,2023-05-11
4670,Gabriel Santos 4670,MG,Belo Horizonte,2024-06-02
4671,Daniela Santos 4671,RS,Porto Alegre,2025-09-21
4672,Eduardo Rodrigues 4672,PE,Recife,2025-07-03
4673,Daniela Oliveira 4673,RS,Porto Alegre,2025-12-14
4674,Ana Silva 4674,PR,Curitiba,2023-08-16
4675,Renata Rodrigues 4675,PR,Curitiba,2025-06-03
4676,Ana Silva 4676,SP,Sao Paulo,2023-12-11
4677,Gabriel Oliveira 4677,SP,Sao Paulo,2024-12-13
4678,Rafael Souza 4678,BA,Salvador,2024-02-01
4679,Lucas Silva 4679,RJ,Rio de Janeiro,2023-01-08
4680,Igor Souza 4680,BA,Salvador,2024-01-03
4681,Mariana Oliveira 4681,PR,Curitiba,2023-01-04
4682,Bruno Silva 4682,SC,Florianopolis,2023-12-17
4683,Renata Oliveira 4683,PE,Recife,2025-03-26
4684,Helena Souza 4684,PE,Recife,2025-06-12
4685,Rafael Souza 4685,MG,Belo Horizonte,2024-02-28
4686,Renata Santos 4686,PR,Curitiba,2025-09-17
4687,Rafael Oliveira 4687,BA,Salvador,2023-08-22
4688,Daniela Souza 4688,SC,Florianopolis,2025-07-20
4689,Daniela Silva 4689,SC,Florianopolis,2024-09-16
4690,Eduardo Oliveira 4690,RJ,Rio de Janeiro,2024-01-24
4691,Eduardo Santos 4691,PR,Curitiba,2024-04-07
4692,Fernanda Almeida 4692,PR,Curitiba,2024-12-16
4693,Vanessa Pereira 4693,RJ,Rio de Janeiro,2025-12-18
4694,Vanessa Almeida 4694,SP,Sao Paulo,2025-04-11
4695,Bruno Rodrigues 4695,SC,Florianopolis,2023-07-14
4696,Ana Santos 4696,BA,Salvador,2023-12-09
4697,Carlos Oliveira 4697,RS,Porto Alegre,2024-05-21
4698,Renata Santos 4698,PE,Recife,2025-06-29
4699,Daniela Pereira 4699,PE,Recife,2025-10-27
4700,Helena Costa 4700,SC,Florianopolis,2025-12-28
4701,Fernanda Silva 4701,BA,Salvador,2025-10-15
4702,Rafael Pereira 4702,MG,Belo Horizonte,2025-03-11
4703,Rafael Oliveira 4703,SC,Florianopolis,2025-12-29
4704,Eduardo Pereira 4704,BA,Salvador,2023-07-12
4705,Juliana Oliveira 4705,PE,Recife,2024-02-23
4706,Helena Costa 4706,BA,Salvador,2024-10-29
4707,Thiago Costa 4707,SC,Florianopolis,2023-01-19
4708,Thiago Costa 4708,MG,Belo Horizonte,2023-02-16
4709,Renata Rodrigues 4709,PE,Recife,2023-10-20
4710,Thiago Rodrigues 4710,RS,Porto Alegre,2023-05-09
4711,Ana Almeida 4711,PE,Recife,2023-02-14
4712,Igor Pereira 4712,RS,Porto Alegre,2025-10-16
4713,Igor Santos 4713,RS,Porto Alegre,2025-04-10
4714,Juliana Santos 4714,PR,Curitiba,2025-10-29
4715,Helena Costa 4715,SC,Florianopolis,2025-08-04
4716,Lucas Souza 4716,PE,Recife,2025-11-28
4717,Daniela Rodrigues 4717,SC,Florianopolis,2026-01-03
4718,Ana Costa 4718,RS,Porto Alegre,2025-12-29
4719,Ana Oliveira 4719,RS,Porto Alegre,2024-10-09
4720,Lucas Oliveira 4720,SC,Florianopolis,2023-01-21
4721,Fernanda Rodrigues 4721,RJ,Rio de Janeiro,2023-03-06
4722,Bruno Rodrigues 4722,MG,Belo Horizonte,2025-07-28
4723,Bruno Silva 4723,SC,Florianopolis,2024-08-16
4724,Igor Pereira 4724,MG,Belo Horizonte,2024-07-08
4725,Ana Souza 4725,RJ,Rio de Janeiro,2024-03-29
4726,Vanessa Costa 4726,SP,Sao Paulo,2024-11-06
4727,Igor Santos 4727,PR,Curitiba,2025-08-28
4728,Helena Silva 4728,BA,Salvador,2025-05-01
4729,Mariana Silva 4729,MG,Belo Horizonte,2025-07-04
4730,Gabriel Silva 4730,SP,Sao Paulo,2023-01-02
4731,Rafael Santos 4731,BA,Salvador,2025-03-10
4732,Ana Pereira 4732,BA,Salvador,2024-02-21
4733,Daniela Costa 4733,SC,Florianopolis,2024-08-22
4734,Juliana Rodrigues 4734,PR,Curitiba,2025-06-16
4735,Vanessa Silva 4735,PE,Recife,2023-04-17
4736,Vanessa Oliveira 4736,RJ,Rio de Janeiro,2025-12-23
4737,Ana Santos 4737,SC,Florianopolis,2023-03-13
4738,Mariana Santos 4738,PR,Curitiba,2025-05-25
4739,Igor Costa 4739,SP,Sao Paulo,2024-04-17
4740,Eduardo Silva 4740,RS,Porto Alegre,2024-05-31
4741,Igor Pereira 4741,SC,Florianopolis,2025-09-18
4742,Mariana Oliveira 4742,SC,Florianopolis,2025-03-31
4743,Rafael Oliveira 4743,RS,Porto Alegre,2023-03-21
4744,Lucas Pereira 4744,MG,Belo Horizonte,2023-08-28
4745,Eduardo Pereira 4745,SC,Florianopolis,2025-09-05
4746,Fernanda Oliveira 4746,SC,Florianopolis,2024-01-01
4747,Lucas Souza 4747,RJ,Rio de Janeiro,2023-01-17
4748,Thiago Silva 4748,PR,Curitiba,2024-08-26
4749,Juliana Almeida 4749,RS,Porto Alegre,2025-10-18
4750,Juliana Pereira 4750,SC,Florianopolis,2024-09-13
4751,Renata Pereira 4751,BA,Salvador,2024-04-01
4752,Helena Souza 4752,MG,Belo Horizonte,2023-07-17
4753,Vanessa Santos 4753,BA,Salvador,2023-01-13
4754,Lucas Pereira 4754,MG,Belo Horizonte,2024-08-11
4755,Fernanda Silva 4755,PR,Curitiba,2023-07-28
4756,Rafael Oliveira 4756,SP,Sao Paulo,2024-05-25
4757,Carlos Almeida 4757,MG,Belo Horizonte,2023-07-07
4758,Thiago Almeida 4758,PR,Curitiba,2023-10-21
4759,Igor Souza 4759,MG,Belo Horizonte,2025-05-21
4760,Lucas Pereira 4760,BA,Salvador,2024-10-19
4761,Juliana Oliveira 4761,MG,Belo Horizonte,2024-01-06
4762,Lucas Santos 4762,BA,Salvador,2023-10-14
4763,Lucas Almeida 4763,SC,Florianopolis,2023-08-25
4764,Thiago Santos 4764,BA,Salvador,2023-06-22
4765,Bruno Silva 4765,SP,Sao Paulo,2024-11-19
4766,Carlos Costa 4766,BA,Salvador,2024-09-23
4767,Juliana Costa 4767,PE,Recife,2025-07-19
4768,Mariana Souza 4768,PE,Recife,2024-04-16
4769,Juliana Almeida 4769,BA,Salvador,2023-10-17
4770,Thiago Santos 4770,RS,Porto Alegre,2023-08-18
4771,Thiago Souza 4771,BA,Salvador,2024-09-06
4772,Gabriel Silva 4772,RS,Porto Alegre,2024-08-15
4773,Vanessa Silva 4773,BA,Salvador,2024-04-18
4774,Daniela Souza 4774,PR,Curitiba,2024-02-04
4775,Carlos Souza 4775,SC,Florianopolis,2023-06-20
4776,Fernanda Rodrigues 4776,PR,Curitiba,2025-12-03
4777,Vanessa Oliveira 4777,SP,Sao Paulo,2025-11-16
4778,Fernanda Almeida 4778,RJ,Rio de Janeiro,2024-12-23
4779,Ana Costa 4779,PE,Recife,2024-02-07
4780,Lucas Santos 4780,SC,Florianopolis,2024-01-12
4781,Daniela Almeida 4781,BA,Salvador,2024-01-07
4782,Lucas Souza 4782,RS,Porto Alegre,2025-04-16
4783,Vanessa Silva 4783,BA,Salvador,2024-04-08
4784,Daniela Pereira 4784,RJ,Rio de Janeiro,2025-11-14
4785,Gabriel Costa 4785,SC,Florianopolis,2025-09-06
4786,Vanessa Santos 4786,RS,Porto Alegre,2025-02-20
4787,Rafael Oliveira 4787,PE,Recife,2025-06-25
4788,Juliana Souza 4788,SC,Florianopolis,2023-05-14
4789,Eduardo Costa 4789,PR,Curitiba,2025-03-22
4790,Igor Pereira 4790,SC,Florianopolis,2025-05-30
4791,Bruno Santos 4791,SP,Sao Paulo,2023-03-01
4792,Lucas Almeida 4792,SP,Sao Paulo,2025-12-26
4793,Helena Pereira 4793,PR,Curitiba,2023-02-04
4794,Carlos Rodrigues 4794,MG,Belo Horizonte,2023-07-14
4795,Fernanda Costa 4795,RS,Porto Alegre,2024-08-11
4796,Juliana Almeida 4796,SC,Florianopolis,2024-07-21
4797,Fernanda Pereira 4797,BA,Salvador,2025-06-16
4798,Mariana Oliveira 4798,PE,Recife,2024-11-03
4799,Fernanda Oliveira 4799,RJ,Rio de Janeiro,2023-04-16
4800,Thiago Santos 4800,RJ,Rio de Janeiro,2025-06-22
4801,Gabriel Almeida 4801,MG,Belo Horizonte,2024-09-04
4802,Ana Pereira 4802,RJ,Rio de Janeiro,2025-08-04
4803,Lucas Santos 4803,RS,Porto Alegre,2024-06-21
4804,Renata Almeida 4804,RS,Porto Alegre,2024-02-27
4805,Rafael Santos 4805,MG,Belo Horizonte,2025-12-07
4806,Gabriel Silva 4806,RJ,Rio de Janeiro,2024-01-09
4807,Lucas Rodrigues 4807,PR,Curitiba,2025-12-17
4808,Helena Almeida 4808,RJ,Rio de Janeiro,2023-06-17
4809,Lucas Silva 4809,RJ,Rio de Janeiro,2024-07-17
4810,Daniela Almeida 4810,SP,Sao Paulo,2023-12-08
4811,Mariana Pereira 4811,PE,Recife,2023-04-07
4812,Renata Souza 4812,MG,Belo Horizonte,2025-05-20
4813,Carlos Pereira 4813,PR,Curitiba,2025-02-04
4814,Ana Pereira 4814,SP,Sao Paulo,2025-08-09
4815,Rafael Silva 4815,PR,Curitiba,2023-09-17
4816,Helena Santos 4816,RJ,Rio de Janeiro,2023-09-07
4817,Eduardo Almeida 4817,SP,Sao Paulo,2024-05-24
4818,Lucas Pereira 4818,RS,Porto Alegre,2023-10-03
4819,Renata Silva 4819,RJ,Rio de Janeiro,2024-05-13
4820,Lucas Santos 4820,SP,Sao Paulo,2025-12-23
4821,Juliana Pereira 4821,RJ,Rio de Janeiro,2023-03-29
4822,Juliana Souza 4822,SP,Sao Paulo,2023-10-05
4823,Rafael Santos 4823,PE,Recife,2024-02-28
4824,Vanessa Souza 4824,BA,Salvador,2025-12-23
4825,Eduardo Almeida 4825,SC,Florianopolis,2025-04-03
4826,Mariana Rodrigues 4826,RJ,Rio de Janeiro,2024-03-20
4827,Mariana Souza 4827,PR,Curitiba,2024-03-04
4828,Lucas Pereira 4828,SP,Sao Paulo,2023-01-15
4829,Mariana Costa 4829,SC,Florianopolis,2023-07-05
4830,Carlos Pereira 4830,PE,Recife,2024-05-19
4831,Helena Almeida 4831,SC,Florianopolis,2025-02-08
4832,Mariana Santos 4832,MG,Belo Horizonte,2025-01-01
4833,Juliana Souza 4833,RJ,Rio de Janeiro,2025-02-16
4834,Eduardo Souza 4834,SC,Florianopolis,2023-03-29
4835,Fernanda Almeida 4835,PE,Recife,2025-09-22
4836,Renata Rodrigues 4836,SP,Sao Paulo,2023-11-21
4837,Lucas Souza 4837,SC,Florianopolis,2023-01-10
4838,Carlos Rodrigues 4838,RS,Porto Alegre,2023-12-29
4839,Carlos Rodrigues 4839,RS,Porto Alegre,2024-06-09
4840,Daniela Almeida 4840,RJ,Rio de Janeiro,2023-03-13
4841,Lucas Costa 4841,BA,Salvador,2024-02-24
4842,Bruno Pereira 4842,SC,Florianopolis,2024-06-27
4843,Gabriel Silva 4843,RJ,Rio de Janeiro,2023-03-18
4844,Gabriel Silva 4844,MG,Belo Horizonte,2025-10-01
4845,Vanessa Rodrigues 4845,RS,Porto Alegre,2023-10-20
4846,Eduardo Santos 4846,PR,Curitiba,2025-05-14
4847,Igor Almeida 4847,RS,Porto Alegre,2024-06-14
4848,Helena Pereira 4848,RJ,Rio de Janeiro,2025-12-19
4849,Renata Silva 4849,PR,Curitiba,2023-02-14
4850,Rafael Costa 4850,SC,Florianopolis,2025-10-11
4851,Fernanda Costa 4851,SP,Sao Paulo,2023-12-22
4852,Lucas Pereira 4852,PE,Recife,2024-07-06
4853,Lucas Almeida 4853,RJ,Rio de Janeiro,2024-04-30
4854,Daniela Almeida 4854,MG,Belo Horizonte,2025-10-02
4855,Ana Rodrigues 4855,RS,Porto Alegre,2024-02-07
4856,Rafael Costa 4856,RJ,Rio de Janeiro,2023-08-05
4857,Juliana Souza 4857,SP,Sao Paulo,2024-02-20
4858,Vanessa Souza 4858,RJ,Rio de Janeiro,2025-11-04
4859,Mariana Souza 4859,PE,Recife,2025-06-26
4860,Rafael Costa 4860,PR,Curitiba,2024-03-15
4861,Ana Costa 4861,PE,Recife,2025-07-09
4862,Ana Silva 4862,RJ,Rio de Janeiro,2024-04-21
4863,Gabriel Rodrigues 4863,RJ,Rio de Janeiro,2024-12-15
4864,Eduardo Rodrigues 4864,SP,Sao Paulo,2024-01-17
4865,Igor Oliveira 4865,MG,Belo Horizonte,2024-12-15
4866,Carlos Oliveira 4866,SP,Sao Paulo,2024-06-20
4867,Bruno Pereira 4867,PR,Curitiba,2023-06-24
4868,Eduardo Silva 4868,PE,Recife,2025-08-03
4869,Carlos Silva 4869,RS,Porto Alegre,2024-07-26
4870,Igor Santos 4870,SP,Sao Paulo,2025-10-10
4871,Igor Pereira 4871,PR,Curitiba,2023-11-23
4872,Bruno Almeida 4872,PR,Curitiba,2023-06-04
4873,Eduardo Oliveira 4873,RS,Porto Alegre,2023-07-22
4874,Ana Almeida 4874,RS,Porto Alegre,2025-08-11
4875,Igor Rodrigues 4875,MG,Belo Horizonte,2025-03-09
4876,Fernanda Pereira 4876,PR,Curitiba,2024-01-11
4877,Juliana Oliveira 4877,RJ,Rio de Janeiro,2025-10-12
4878,Ana Costa 4878,MG,Belo Horizonte,2024-08-16
4879,Renata Santos 4879,PR,Curitiba,2023-12-20
4880,Bruno Silva 4880,RJ,Rio de Janeiro,2025-12-28
4881,Rafael Rodrigues 4881,PR,Curitiba,2024-09-17
4882,Gabriel Silva 4882,RJ,Rio de Janeiro,2025-02-20
4883,Eduardo Rodrigues 4883,PE,Recife,2023-01-25
4884,Bruno Oliveira 4884,PE,Recife,2023-12-14
4885,Lucas Souza 4885,SP,Sao Paulo,2023-03-07
4886,Eduardo Santos 4886,SC,Florianopolis,2025-04-28
4887,Renata Silva 4887,BA,Salvador,2024-02-07
4888,Thiago Almeida 4888,SP,Sao Paulo,2024-11-25
4889,Bruno Santos 4889,BA,Salvador,2023-03-03
4890,Eduardo Pereira 4890,PE,Recife,2024-05-13
4891,Thiago Souza 4891,SP,Sao Paulo,2023-02-23
4892,Gabriel Silva 4892,PE,Recife,2023-07-03
4893,Fernanda Santos 4893,PE,Recife,2023-12-18
4894,Rafael Silva 4894,RJ,Rio de Janeiro,2024-02-23
4895,Rafael Almeida 4895,PE,Recife,2023-06-04
4896,Daniela Silva 4896,MG,Belo Horizonte,2024-01-16
4897,Igor Rodrigues 4897,RS,Porto Alegre,2024-10-09
4898,Daniela Oliveira 4898,RJ,Rio de Janeiro,2025-10-12
4899,Ana Almeida 4899,RJ,Rio de Janeiro,2025-08-28
4900,Helena Rodrigues 4900,RS,Porto Alegre,2024-09-19
4901,Helena Costa 4901,SP,Sao Paulo,2023-10-24
4902,Fernanda Pereira 4902,RS,Porto Alegre,2023-09-27
4903,Rafael Silva 4903,MG,Belo Horizonte,2023-07-10
4904,Fernanda Souza 4904,MG,Belo Horizonte,2024-12-02
4905,Eduardo Silva 4905,RS,Porto Alegre,2023-06-18
4906,Thiago Almeida 4906,RS,Porto Alegre,2024-09-16
4907,Ana Souza 4907,MG,Belo Horizonte,2025-02-08
4908,Mariana Pereira 4908,MG,Belo Horizonte,2025-05-11
4909,Eduardo Almeida 4909,RJ,Rio de Janeiro,2024-04-05
4910,Thiago Costa 4910,SC,Florianopolis,2023-06-11
4911,Igor Pereira 4911,SP,Sao Paulo,2023-10-02
4912,Daniela Rodrigues 4912,BA,Salvador,2024-12-19
4913,Daniela Santos 4913,SP,Sao Paulo,2023-09-27
4914,Carlos Oliveira 4914,RJ,Rio de Janeiro,2024-10-16
4915,Juliana Rodrigues 4915,SC,Florianopolis,2025-04-08
4916,Renata Rodrigues 4916,RS,Porto Alegre,2025-09-07
4917,Thiago Rodrigues 4917,MG,Belo Horizonte,2024-03-14
4918,Igor Costa 4918,SP,Sao Paulo,2023-01-20
4919,Ana Souza 4919,PE,Recife,2024-06-14
4920,Daniela Silva 4920,PE,Recife,2023-07-01
4921,Eduardo Santos 4921,PE,Recife,2024-08-20
4922,Bruno Silva 4922,SC,Florianopolis,2024-09-07
4923,Gabriel Rodrigues 4923,SC,Florianopolis,2025-12-19
4924,Lucas Souza 4924,MG,Belo Horizonte,2024-02-09
4925,Renata Costa 4925,RS,Porto Alegre,2024-07-04
4926,Fernanda Santos 4926,PE,Recife,2023-03-22
4927,Renata Pereira 4927,PR,Curitiba,2025-12-16
4928,Fernanda Oliveira 4928,RS,Porto Alegre,2025-06-03
4929,Carlos Oliveira 4929,SP,Sao Paulo,2023-12-11
4930,Eduardo Silva 4930,PR,Curitiba,2025-10-03
4931,Ana Souza 4931,BA,Salvador,2024-11-04
4932,Bruno Silva 4932,PR,Curitiba,2023-01-05
4933,Rafael Souza 4933,SP,Sao Paulo,2025-11-28
4934,Thiago Souza 4934,RS,Porto Alegre,2025-04-05
4935,Ana Santos 4935,RJ,Rio de Janeiro,2023-01-10
4936,Daniela Rodrigues 4936,RJ,Rio de Janeiro,2024-05-31
4937,Carlos Rodrigues 4937,SP,Sao Paulo,2023-02-17
4938,Eduardo Almeida 4938,MG,Belo Horizonte,2024-04-26
4939,Thiago Silva 4939,PR,Curitiba,2025-07-24
4940,Lucas Costa 4940,SC,Florianopolis,2023-01-19
4941,Vanessa Costa 4941,RJ,Rio de Janeiro,2025-05-20
4942,Bruno Silva 4942,SC,Florianopolis,2024-05-16
4943,Igor Souza 4943,SP,Sao Paulo,2025-11-20
4944,Daniela Santos 4944,PR,Curitiba,2025-06-08
4945,Carlos Santos 4945,PR,Curitiba,2025-07-01
4946,Carlos Pereira 4946,RJ,Rio de Janeiro,2024-10-13
4947,Eduardo Costa 4947,RS,Porto Alegre,2024-11-06
4948,Gabriel Costa 4948,MG,Belo Horizonte,2023-02-07
4949,Mariana Souza 4949,SP,Sao Paulo,2023-05-21
4950,Igor Rodrigues 4950,BA,Salvador,2024-05-04
4951,Thiago Pereira 4951,SC,Florianopolis,2023-03-03
4952,Juliana Costa 4952,SC,Florianopolis,2024-05-27
4953,Thiago Oliveira 4953,SC,Florianopolis,2025-06-03
4954,Bruno Oliveira 4954,SP,Sao Paulo,2023-07-15
4955,Eduardo Santos 4955,RS,Porto Alegre,2023-02-02
4956,Helena Almeida 4956,MG,Belo Horizonte,2023-10-10
4957,Eduardo Rodrigues 4957,RS,Porto Alegre,2023-01-03
4958,Mariana Santos 4958,MG,Belo Horizonte,2023-03-10
4959,Lucas Oliveira 4959,PE,Recife,2024-06-20
4960,Mariana Souza 4960,PE,Recife,2024-04-10
4961,Fernanda Souza 4961,SC,Florianopolis,2024-09-30
4962,Ana Silva 4962,BA,Salvador,2025-07-19
4963,Fernanda Santos 4963,RS,Porto Alegre,2023-06-28
4964,Daniela Santos 4964,MG,Belo Horizonte,2024-11-10
4965,Fernanda Pereira 4965,SC,Florianopolis,2023-05-23
4966,Juliana Rodrigues 4966,BA,Salvador,2023-02-06
4967,Bruno Almeida 4967,RJ,Rio de Janeiro,2023-03-06
4968,Bruno Costa 4968,MG,Belo Horizonte,2024-03-24
4969,Ana Silva 4969,SC,Florianopolis,2025-04-16
4970,Helena Oliveira 4970,RJ,Rio de Janeiro,2023-09-19
4971,Ana Santos 4971,PE,Recife,2023-06-27
4972,Eduardo Rodrigues 4972,MG,Belo Horizonte,2024-02-15
4973,Carlos Oliveira 4973,RJ,Rio de Janeiro,2024-12-19
4974,Mariana Silva 4974,SP,Sao Paulo,2024-06-25
4975,Renata Pereira 4975,PE,Recife,2025-05-29
4976,Juliana Rodrigues 4976,PR,Curitiba,2024-06-13
4977,Fernanda Oliveira 4977,SP,Sao Paulo,2024-09-17
4978,Helena Costa 4978,PE,Recife,2025-05-08
4979,Daniela Santos 4979,SC,Florianopolis,2023-02-21
4980,Ana Pereira 4980,BA,Salvador,2024-04-29
4981,Juliana Almeida 4981,PE,Recife,2024-02-24
4982,Helena Pereira 4982,MG,Belo Horizonte,2024-06-15
4983,Vanessa Rodrigues 4983,SC,Florianopolis,2023-06-20
4984,Lucas Santos 4984,MG,Belo Horizonte,2023-12-01
4985,Fernanda Rodrigues 4985,MG,Belo Horizonte,2025-07-28
4986,Rafael Rodrigues 4986,PE,Recife,2023-01-08
4987,Rafael Oliveira 4987,SC,Florianopolis,2024-12-20
4988,Carlos Almeida 4988,MG,Belo Horizonte,2024-07-19
4989,Igor Costa 4989,SC,Florianopolis,2025-06-24
4990,Carlos Oliveira 4990,PE,Recife,2025-08-14
4991,Mariana Silva 4991,SP,Sao Paulo,2024-03-01
4992,Daniela Costa 4992,SP,Sao Paulo,2025-04-25
4993,Eduardo Oliveira 4993,PE,Recife,2024-09-09
4994,Igor Souza 4994,PR,Curitiba,2024-10-03
4995,Juliana Rodrigues 4995,RS,Porto Alegre,2023-04-20
4996,Daniela Oliveira 4996,SC,Florianopolis,2023-11-09
4997,Renata Costa 4997,RJ,Rio de Janeiro,2024-11-19
4998,Mariana Costa 4998,BA,Salvador,2023-12-02
4999,Rafael Costa 4999,MG,Belo Horizonte,2023-02-05
5000,Daniela Santos 5000,RS,Porto Alegre,2023-06-30
